"","times","sims","name","rank"
"plu tag.1",150,0.0825886462907813,"plu tag","family"
"plu tag.2",650,0.0601180805020421,"plu tag","family"
"plu tag.3",1150,0.0524015101090559,"plu tag","family"
"plu tag.4",1650,0.0723342623131182,"plu tag","family"
"plu tag.5",2150,0.0812659132404083,"plu tag","family"
"plu tag.6",2650,0.326485848061754,"plu tag","family"
"plu tag.7",3150,0.223274116457369,"plu tag","family"
"plu tag.8",3650,0,"plu tag","family"
"plu tag.9",4150,0.101669015906003,"plu tag","family"
"plu tag.10",4650,0.23468441242123,"plu tag","family"
"bon tag.1",150,0.325903905373484,"bon tag","family"
"bon tag.2",650,0.202896946063921,"bon tag","family"
"bon tag.3",1150,0.179025205092662,"bon tag","family"
"bon tag.4",1650,0.0711375659567137,"bon tag","family"
"bon tag.5",2150,0.112513903108714,"bon tag","family"
"bon tag.6",2650,0.124912310825531,"bon tag","family"
"bon tag.7",3150,0.302716775897234,"bon tag","family"
"bon tag.8",3650,0.566902300870807,"bon tag","family"
"bon tag.9",4150,0.588360363075717,"bon tag","family"
"ngo tag.1",150,0.0231603115588381,"ngo tag","family"
"ngo tag.2",650,0.0301918672262578,"ngo tag","family"
"ngo tag.3",1150,0.026382849565721,"ngo tag","family"
"ngo tag.4",1650,0.0157891729680291,"ngo tag","family"
"ngo tag.5",2150,0.0169807399474348,"ngo tag","family"
"ngo tag.6",2650,0.0158779110974534,"ngo tag","family"
"ngo tag.7",3150,0.0369802402631353,"ngo tag","family"
"ngo tag.8",3650,0.0514972098198913,"ngo tag","family"
"ngo tag.9",4150,0.0345361951568832,"ngo tag","family"
"ngo tag.10",4650,0.129834351992865,"ngo tag","family"
"ava tag.1",150,0.0568222079262938,"ava tag","family"
"ava tag.2",650,0.0359753739245114,"ava tag","family"
"ava tag.3",1150,0.0629575690752713,"ava tag","family"
"ava tag.4",1650,0.112636754960825,"ava tag","family"
"ava tag.5",2150,0.120960614272196,"ava tag","family"
"ava tag.6",2650,0.0289643672913131,"ava tag","family"
"ava tag.7",3150,0.102585192033625,"ava tag","family"
"ava tag.8",4150,0.0933644094516289,"ava tag","family"
"ava tag.9",4650,0.220570717397102,"ava tag","family"
"wai tag.1",150,0.0512036054412367,"wai tag","family"
"wai tag.2",650,0.0498276499923673,"wai tag","family"
"wai tag.3",1150,0.0443134679307527,"wai tag","family"
"wai tag.4",1650,0,"wai tag","family"
"wai tag.5",2150,0.0308161649707479,"wai tag","family"
"wai tag.6",3150,0.026022487940194,"wai tag","family"
"wai tag.7",4150,0.0653539636556867,"wai tag","family"
"wai tag.8",4650,0.0528084803826515,"wai tag","family"
"fin tag.1",150,0.0266878014121712,"fin tag","family"
"fin tag.2",650,0.0234301723449007,"fin tag","family"
"fin tag.3",1150,0.0297697664637905,"fin tag","family"
"fin tag.4",1650,0.0312566993217103,"fin tag","family"
"fin tag.5",2150,0,"fin tag","family"
"fin tag.6",2650,0,"fin tag","family"
"fin tag.7",3150,0,"fin tag","family"
"fin tag.8",3650,0,"fin tag","family"
"fin tag.9",4150,0,"fin tag","family"
"fin tag.10",4650,0,"fin tag","family"
"yac tag.1",150,0.0313949479135597,"yac tag","family"
"yac tag.2",650,0.0282147182899498,"yac tag","family"
"yac tag.3",1150,0.0272636578987456,"yac tag","family"
"yac tag.4",1650,0.00945743880983163,"yac tag","family"
"yac tag.5",2150,0.0189714844213922,"yac tag","family"
"yac tag.6",2650,0,"yac tag","family"
"yac tag.7",3150,0,"yac tag","family"
"yac tag.8",3650,0.00658821668381182,"yac tag","family"
"yac tag.9",4150,0.0058455102568169,"yac tag","family"
"yac tag.10",4650,0.0124720645756641,"yac tag","family"
"vol tag.1",150,0.0493284384025106,"vol tag","family"
"vol tag.2",650,0.0435560282897273,"vol tag","family"
"vol tag.3",1150,0.0526859562722943,"vol tag","family"
"vol tag.4",2650,0.0675562998408588,"vol tag","family"
"vol tag.5",3650,0.0483501241825933,"vol tag","family"
"vol tag.6",4150,0.0939130931261818,"vol tag","family"
"vol tag.7",4650,0.0450398073911017,"vol tag","family"
"tuk tag.1",150,0.0315613501327578,"tuk tag","family"
"tuk tag.2",650,0.0519085566262043,"tuk tag","family"
"tuk tag.3",1150,0.084861357988842,"tuk tag","family"
"tuk tag.4",2150,0.322680656101631,"tuk tag","family"
"tuk tag.5",3150,0.271321924271242,"tuk tag","family"
"tuk tag.6",3650,0.16119827856583,"tuk tag","family"
"tuk tag.7",4150,0.198952709035146,"tuk tag","family"
"aro tag.1",150,0.0479967595673432,"aro tag","family"
"aro tag.2",650,0.029917603063165,"aro tag","family"
"aro tag.3",1150,0.0521720708405649,"aro tag","family"
"aro tag.4",1650,0.0233044334854025,"aro tag","family"
"aro tag.5",2650,0.0119640284298056,"aro tag","family"
"aro tag.6",3150,0.108994010969054,"aro tag","family"
"aro tag.7",4650,0.0252936058313885,"aro tag","family"
"lot tag.1",150,0.0205022015874409,"lot tag","family"
"lot tag.2",650,0.0210757462729561,"lot tag","family"
"lot tag.3",1150,0.0119451109032135,"lot tag","family"
"lot tag.4",1650,0.137571940883338,"lot tag","family"
"lot tag.5",2150,0,"lot tag","family"
"lot tag.6",3150,0,"lot tag","family"
"lot tag.7",3650,0,"lot tag","family"
"lan tag.1",650,0.0937422050139674,"lan tag","family"
"lan tag.2",1150,0.161077849314329,"lan tag","family"
"lan tag.3",1650,0.166272916741293,"lan tag","family"
"lan tag.4",2650,0.270718974874958,"lan tag","family"
"lan tag.5",3150,0.244789668690108,"lan tag","family"
"lan tag.6",3650,0.485321666653834,"lan tag","family"
"lan tag.7",4150,0.434447304935913,"lan tag","family"
"lan tag.8",4650,0.3822229263196,"lan tag","family"
"lou tag.1",650,0.0152050284346005,"lou tag","family"
"lou tag.2",1150,0.0190160579183717,"lou tag","family"
"lou tag.3",1650,0.0158806215385799,"lou tag","family"
"lou tag.4",2150,0.154507208650467,"lou tag","family"
"lou tag.5",2650,0.201446279934029,"lou tag","family"
"lou tag.6",3150,0.231436807872442,"lou tag","family"
"lou tag.7",3650,0.203992760705703,"lou tag","family"
"lou tag.8",4150,0.147529590340669,"lou tag","family"
"lou tag.9",4650,0.161773275184845,"lou tag","family"
"ano tag.1",1650,0.0641447357639817,"ano tag","family"
"ano tag.2",2150,0.0691610159602745,"ano tag","family"
"ano tag.3",2650,0.0195297825676933,"ano tag","family"
"ano tag.4",3150,0.0938711613770949,"ano tag","family"
"ano tag.5",3650,0.0836835464086961,"ano tag","family"
"ano tag.6",4150,0,"ano tag","family"
"ano tag.7",4650,0.00866273011462315,"ano tag","family"
"bon plu.1",150,0.297384480009146,"bon plu","family"
"bon plu.2",650,0.315161832624468,"bon plu","family"
"bon plu.3",1150,0.173541831143055,"bon plu","family"
"bon plu.4",1650,0.0821901722636087,"bon plu","family"
"bon plu.5",2150,0.313543547311619,"bon plu","family"
"bon plu.6",2650,0.0742378184666144,"bon plu","family"
"bon plu.7",3150,0.119275821527326,"bon plu","family"
"bon plu.8",3650,0.0553517870141511,"bon plu","family"
"bon plu.9",4150,0.184529828109201,"bon plu","family"
"ngo plu.1",150,0.367596499121385,"ngo plu","family"
"ngo plu.2",650,0.703906010383873,"ngo plu","family"
"ngo plu.3",1150,0.682291267236294,"ngo plu","family"
"ngo plu.4",1650,0.416319245361299,"ngo plu","family"
"ngo plu.5",2150,0.358572806507732,"ngo plu","family"
"ngo plu.6",2650,0.106780665254539,"ngo plu","family"
"ngo plu.7",3150,0.195185115903603,"ngo plu","family"
"ngo plu.8",3650,0.201469598517037,"ngo plu","family"
"ngo plu.9",4150,0.106092727774854,"ngo plu","family"
"ngo plu.10",4650,0.222017246880299,"ngo plu","family"
"ava plu.1",150,0.478554255271425,"ava plu","family"
"ava plu.2",650,0.577163728382723,"ava plu","family"
"ava plu.3",1150,0.472284311695886,"ava plu","family"
"ava plu.4",1650,0.537682494710866,"ava plu","family"
"ava plu.5",2150,0.390129050411985,"ava plu","family"
"ava plu.6",2650,0.127080239890468,"ava plu","family"
"ava plu.7",3150,0.19822885649097,"ava plu","family"
"ava plu.8",4150,0.0819785518107401,"ava plu","family"
"ava plu.9",4650,0.181818181818182,"ava plu","family"
"wai plu.1",150,0.0299197042413656,"wai plu","family"
"wai plu.2",650,0.0110755393499814,"wai plu","family"
"wai plu.3",1150,0.00773355182431057,"wai plu","family"
"wai plu.4",1650,0,"wai plu","family"
"wai plu.5",2150,0.0156482772061164,"wai plu","family"
"wai plu.6",3150,0.0182728211646938,"wai plu","family"
"wai plu.7",4150,0.0361858190709047,"wai plu","family"
"wai plu.8",4650,0,"wai plu","family"
"fin plu.1",150,0.207701016878198,"fin plu","family"
"fin plu.2",650,0.469751545536673,"fin plu","family"
"fin plu.3",1150,0.249676046894001,"fin plu","family"
"fin plu.4",1650,0.0657307393180674,"fin plu","family"
"fin plu.5",2150,0.029678358368004,"fin plu","family"
"fin plu.6",2650,0,"fin plu","family"
"fin plu.7",3150,0,"fin plu","family"
"fin plu.8",3650,0.0804056969793213,"fin plu","family"
"fin plu.9",4150,0,"fin plu","family"
"fin plu.10",4650,0.0248899380155041,"fin plu","family"
"yac plu.1",150,0.124485878746662,"yac plu","family"
"yac plu.2",650,0.119379877894598,"yac plu","family"
"yac plu.3",1150,0.14383955540745,"yac plu","family"
"yac plu.4",1650,0.0266379741050951,"yac plu","family"
"yac plu.5",2150,0.0276978253626895,"yac plu","family"
"yac plu.6",2650,0.0516990523468146,"yac plu","family"
"yac plu.7",3150,0,"yac plu","family"
"yac plu.8",3650,0.0992364016847304,"yac plu","family"
"yac plu.9",4150,0,"yac plu","family"
"yac plu.10",4650,0.0763796265098295,"yac plu","family"
"vol plu.1",150,0.176447893607567,"vol plu","family"
"vol plu.2",650,0.201749178132305,"vol plu","family"
"vol plu.3",1150,0.199834073207243,"vol plu","family"
"vol plu.4",2650,0.12873717684213,"vol plu","family"
"vol plu.5",3650,0.159052386553245,"vol plu","family"
"vol plu.6",4150,0.0710321372214014,"vol plu","family"
"vol plu.7",4650,0.216434351500702,"vol plu","family"
"tuk plu.1",150,0.409397198640368,"tuk plu","family"
"tuk plu.2",650,0.248791897132085,"tuk plu","family"
"tuk plu.3",1150,0.168092649597514,"tuk plu","family"
"tuk plu.4",2150,0.20621811569867,"tuk plu","family"
"tuk plu.5",3150,0.237037280936427,"tuk plu","family"
"tuk plu.6",3650,0.0633120323689029,"tuk plu","family"
"tuk plu.7",4150,0.197440585009141,"tuk plu","family"
"aro plu.1",150,0.0677107579839286,"aro plu","family"
"aro plu.2",650,0.155818790774172,"aro plu","family"
"aro plu.3",1150,0.157727029850529,"aro plu","family"
"aro plu.4",1650,0.0348415168178651,"aro plu","family"
"aro plu.5",2650,0,"aro plu","family"
"aro plu.6",3150,0.0123326223493248,"aro plu","family"
"aro plu.7",4650,0.047886035965809,"aro plu","family"
"lot plu.1",150,0.114115036967617,"lot plu","family"
"lot plu.2",650,0.312452384204215,"lot plu","family"
"lot plu.3",1150,0.608129189161309,"lot plu","family"
"lot plu.4",1650,0.0753647059972272,"lot plu","family"
"lot plu.5",2150,0.0291774334320005,"lot plu","family"
"lot plu.6",3150,0,"lot plu","family"
"lot plu.7",3650,0,"lot plu","family"
"lan plu.1",650,0.0931864505450637,"lan plu","family"
"lan plu.2",1150,0.101800318535707,"lan plu","family"
"lan plu.3",1650,0.0775820991018141,"lan plu","family"
"lan plu.4",2650,0.30577205025771,"lan plu","family"
"lan plu.5",3150,0.16037591805911,"lan plu","family"
"lan plu.6",3650,0.0340828942455297,"lan plu","family"
"lan plu.7",4150,0.0600940212306319,"lan plu","family"
"lan plu.8",4650,0.195758311441716,"lan plu","family"
"lou plu.1",650,0.668278398458411,"lou plu","family"
"lou plu.2",1150,0.595326038438541,"lou plu","family"
"lou plu.3",1650,0.450745473072227,"lou plu","family"
"lou plu.4",2150,0.39350985683336,"lou plu","family"
"lou plu.5",2650,0.298923098238311,"lou plu","family"
"lou plu.6",3150,0.230041288738161,"lou plu","family"
"lou plu.7",3650,0.174920820074505,"lou plu","family"
"lou plu.8",4150,0.100691056934045,"lou plu","family"
"lou plu.9",4650,0.358197540505009,"lou plu","family"
"ano plu.1",1650,0.0585685408650793,"ano plu","family"
"ano plu.2",2150,0.0398216869754743,"ano plu","family"
"ano plu.3",2650,0.017589239524056,"ano plu","family"
"ano plu.4",3150,0.0207453921975796,"ano plu","family"
"ano plu.5",3650,0.0871939854973117,"ano plu","family"
"ano plu.6",4150,0,"ano plu","family"
"ano plu.7",4650,0.0849039341262581,"ano plu","family"
"ngo bon.1",150,0.240898982392557,"ngo bon","family"
"ngo bon.2",650,0.421905357447948,"ngo bon","family"
"ngo bon.3",1150,0.208557302338873,"ngo bon","family"
"ngo bon.4",1650,0.0659468998834563,"ngo bon","family"
"ngo bon.5",2150,0.386868470801624,"ngo bon","family"
"ngo bon.6",2650,0.409301692494517,"ngo bon","family"
"ngo bon.7",3150,0.209092357907481,"ngo bon","family"
"ngo bon.8",3650,0.135398905455654,"ngo bon","family"
"ngo bon.9",4150,0.0817998405062229,"ngo bon","family"
"ava bon.1",150,0.360600741776875,"ava bon","family"
"ava bon.2",650,0.453449427262022,"ava bon","family"
"ava bon.3",1150,0.291127350033318,"ava bon","family"
"ava bon.4",1650,0.193116913824381,"ava bon","family"
"ava bon.5",2150,0.476172523880414,"ava bon","family"
"ava bon.6",2650,0.366834947739101,"ava bon","family"
"ava bon.7",3150,0.195836193090826,"ava bon","family"
"ava bon.8",4150,0.135317050248985,"ava bon","family"
"wai bon.1",150,0.175549240106971,"wai bon","family"
"wai bon.2",650,0.0579519085800048,"wai bon","family"
"wai bon.3",1150,0.0170249714926054,"wai bon","family"
"wai bon.4",1650,0,"wai bon","family"
"wai bon.5",2150,0.0181506382626961,"wai bon","family"
"wai bon.6",3150,0.0555666943545384,"wai bon","family"
"wai bon.7",4150,0.113612643506784,"wai bon","family"
"fin bon.1",150,0.418027281648753,"fin bon","family"
"fin bon.2",650,0.59235968915768,"fin bon","family"
"fin bon.3",1150,0.341022630274226,"fin bon","family"
"fin bon.4",1650,0.19186645989676,"fin bon","family"
"fin bon.5",2150,0.0383760154081598,"fin bon","family"
"fin bon.6",2650,0.173639986974172,"fin bon","family"
"fin bon.7",3150,0,"fin bon","family"
"fin bon.8",3650,0.0447961364036642,"fin bon","family"
"fin bon.9",4150,0,"fin bon","family"
"yac bon.1",150,0.222620437011987,"yac bon","family"
"yac bon.2",650,0.281773181657856,"yac bon","family"
"yac bon.3",1150,0.227970454650071,"yac bon","family"
"yac bon.4",1650,0.514119613793979,"yac bon","family"
"yac bon.5",2150,0.239913508831002,"yac bon","family"
"yac bon.6",2650,0.00445013676218109,"yac bon","family"
"yac bon.7",3150,0.00750336344651981,"yac bon","family"
"yac bon.8",3650,0.0307622065142077,"yac bon","family"
"yac bon.9",4150,0.0072573611918948,"yac bon","family"
"vol bon.1",150,0.328577215869858,"vol bon","family"
"vol bon.2",650,0.427394323042498,"vol bon","family"
"vol bon.3",1150,0.281309938614134,"vol bon","family"
"vol bon.4",2650,0.59379432121561,"vol bon","family"
"vol bon.5",3650,0.235061715551568,"vol bon","family"
"vol bon.6",4150,0.0862561296342327,"vol bon","family"
"tuk bon.1",150,0.30712298891236,"tuk bon","family"
"tuk bon.2",650,0.486115346026784,"tuk bon","family"
"tuk bon.3",1150,0.0738085673158683,"tuk bon","family"
"tuk bon.4",2150,0.192231968444955,"tuk bon","family"
"tuk bon.5",3150,0.201954271215657,"tuk bon","family"
"tuk bon.6",3650,0.231971545217785,"tuk bon","family"
"tuk bon.7",4150,0.20186301369863,"tuk bon","family"
"aro bon.1",150,0.142378958631616,"aro bon","family"
"aro bon.2",650,0.419719354517673,"aro bon","family"
"aro bon.3",1150,0.310394153131626,"aro bon","family"
"aro bon.4",1650,0.793267192183501,"aro bon","family"
"aro bon.5",2650,0.698631859407325,"aro bon","family"
"aro bon.6",3150,0.479116787677636,"aro bon","family"
"lot bon.1",150,0.22585468019177,"lot bon","family"
"lot bon.2",650,0.527807903424752,"lot bon","family"
"lot bon.3",1150,0.301102555058452,"lot bon","family"
"lot bon.4",1650,0.0521414330146263,"lot bon","family"
"lot bon.5",2150,0.120794758660761,"lot bon","family"
"lot bon.6",3150,0,"lot bon","family"
"lot bon.7",3650,0,"lot bon","family"
"lan bon.1",650,0.227359089464126,"lan bon","family"
"lan bon.2",1150,0.266691530416722,"lan bon","family"
"lan bon.3",1650,0.0496233863308767,"lan bon","family"
"lan bon.4",2650,0.11871068001078,"lan bon","family"
"lan bon.5",3150,0.199213657015432,"lan bon","family"
"lan bon.6",3650,0.239139486211717,"lan bon","family"
"lan bon.7",4150,0.312027493708671,"lan bon","family"
"lou bon.1",650,0.251057665182448,"lou bon","family"
"lou bon.2",1150,0.0559744040841028,"lou bon","family"
"lou bon.3",1650,0.0787235387974559,"lou bon","family"
"lou bon.4",2150,0.357653286000979,"lou bon","family"
"lou bon.5",2650,0.294204532918144,"lou bon","family"
"lou bon.6",3150,0.180595404323414,"lou bon","family"
"lou bon.7",3650,0.216257777941134,"lou bon","family"
"lou bon.8",4150,0.14120609267106,"lou bon","family"
"ano bon.1",1650,0.293023606678639,"ano bon","family"
"ano bon.2",2150,0.219083058384021,"ano bon","family"
"ano bon.3",2650,0.256117142820113,"ano bon","family"
"ano bon.4",3150,0.351470146656747,"ano bon","family"
"ano bon.5",3650,0.0736446912997493,"ano bon","family"
"ano bon.6",4150,0.0156006240249609,"ano bon","family"
"ava ngo.1",150,0.658923788240995,"ava ngo","family"
"ava ngo.2",650,0.655987652004559,"ava ngo","family"
"ava ngo.3",1150,0.478924004727437,"ava ngo","family"
"ava ngo.4",1650,0.39712304896362,"ava ngo","family"
"ava ngo.5",2150,0.480320826058338,"ava ngo","family"
"ava ngo.6",2650,0.812193899122485,"ava ngo","family"
"ava ngo.7",3150,0.433177646877102,"ava ngo","family"
"ava ngo.8",4150,0.418677797021865,"ava ngo","family"
"ava ngo.9",4650,0.25630910423095,"ava ngo","family"
"wai ngo.1",150,0.089933951922776,"wai ngo","family"
"wai ngo.2",650,0.0110743064108015,"wai ngo","family"
"wai ngo.3",1150,0.00858555677618444,"wai ngo","family"
"wai ngo.4",1650,0,"wai ngo","family"
"wai ngo.5",2150,0.0104605958142193,"wai ngo","family"
"wai ngo.6",3150,0.0856313666909317,"wai ngo","family"
"wai ngo.7",4150,0.01858481166458,"wai ngo","family"
"wai ngo.8",4650,0.0184394643132557,"wai ngo","family"
"fin ngo.1",150,0.239012404667654,"fin ngo","family"
"fin ngo.2",650,0.648827591653706,"fin ngo","family"
"fin ngo.3",1150,0.284255878312204,"fin ngo","family"
"fin ngo.4",1650,0.0436792382889855,"fin ngo","family"
"fin ngo.5",2150,0.0446918340781279,"fin ngo","family"
"fin ngo.6",2650,0.324689913537223,"fin ngo","family"
"fin ngo.7",3150,0,"fin ngo","family"
"fin ngo.8",3650,0.0274210542205116,"fin ngo","family"
"fin ngo.9",4150,0,"fin ngo","family"
"fin ngo.10",4650,0.0303359847651541,"fin ngo","family"
"yac ngo.1",150,0.14283661844828,"yac ngo","family"
"yac ngo.2",650,0.337897502360296,"yac ngo","family"
"yac ngo.3",1150,0.19097172937937,"yac ngo","family"
"yac ngo.4",1650,0.0190956427394392,"yac ngo","family"
"yac ngo.5",2150,0.137493258134933,"yac ngo","family"
"yac ngo.6",2650,0.0158784494076313,"yac ngo","family"
"yac ngo.7",3150,0,"yac ngo","family"
"yac ngo.8",3650,0.0123071547506408,"yac ngo","family"
"yac ngo.9",4150,0,"yac ngo","family"
"yac ngo.10",4650,0.0156603069544976,"yac ngo","family"
"vol ngo.1",150,0.191174944654116,"vol ngo","family"
"vol ngo.2",650,0.429367989942898,"vol ngo","family"
"vol ngo.3",1150,0.246260932900575,"vol ngo","family"
"vol ngo.4",2650,0.301854705145745,"vol ngo","family"
"vol ngo.5",3650,0.209686784852582,"vol ngo","family"
"vol ngo.6",4150,0.179690358581157,"vol ngo","family"
"vol ngo.7",4650,0.118250117751906,"vol ngo","family"
"tuk ngo.1",150,0.405787784166849,"tuk ngo","family"
"tuk ngo.2",650,0.303028853301771,"tuk ngo","family"
"tuk ngo.3",1150,0.100332818943504,"tuk ngo","family"
"tuk ngo.4",2150,0.210362891638751,"tuk ngo","family"
"tuk ngo.5",3150,0.26122628420957,"tuk ngo","family"
"tuk ngo.6",3650,0.174562656107722,"tuk ngo","family"
"tuk ngo.7",4150,0.375061237808038,"tuk ngo","family"
"aro ngo.1",150,0.0854762126391965,"aro ngo","family"
"aro ngo.2",650,0.464493511318078,"aro ngo","family"
"aro ngo.3",1150,0.213676945159818,"aro ngo","family"
"aro ngo.4",1650,0.0314490434851674,"aro ngo","family"
"aro ngo.5",2650,0.235821004588767,"aro ngo","family"
"aro ngo.6",3150,0.244600750954341,"aro ngo","family"
"aro ngo.7",4650,0.0570690529548186,"aro ngo","family"
"lot ngo.1",150,0.150018217579412,"lot ngo","family"
"lot ngo.2",650,0.627618459183553,"lot ngo","family"
"lot ngo.3",1150,0.600356139939783,"lot ngo","family"
"lot ngo.4",1650,0.0493808183008191,"lot ngo","family"
"lot ngo.5",2150,0.140457909826195,"lot ngo","family"
"lot ngo.6",3150,0,"lot ngo","family"
"lot ngo.7",3650,0,"lot ngo","family"
"lan ngo.1",650,0.0398095434840591,"lan ngo","family"
"lan ngo.2",1150,0.0419444653536627,"lan ngo","family"
"lan ngo.3",1650,0.0249391397480275,"lan ngo","family"
"lan ngo.4",2650,0.021611434781706,"lan ngo","family"
"lan ngo.5",3150,0.0240022395309381,"lan ngo","family"
"lan ngo.6",3650,0.0139298464441691,"lan ngo","family"
"lan ngo.7",4150,0.0443752712122468,"lan ngo","family"
"lan ngo.8",4650,0.0277666293926276,"lan ngo","family"
"lou ngo.1",650,0.68734744896788,"lou ngo","family"
"lou ngo.2",1150,0.833372287595862,"lou ngo","family"
"lou ngo.3",1650,0.920529723186455,"lou ngo","family"
"lou ngo.4",2150,0.832631911603956,"lou ngo","family"
"lou ngo.5",2650,0.577160311430184,"lou ngo","family"
"lou ngo.6",3150,0.348693223471848,"lou ngo","family"
"lou ngo.7",3650,0.269946062460721,"lou ngo","family"
"lou ngo.8",4150,0.285922427899574,"lou ngo","family"
"lou ngo.9",4650,0.177484658762337,"lou ngo","family"
"ano ngo.1",1650,0.037347317045174,"ano ngo","family"
"ano ngo.2",2150,0.20202412093153,"ano ngo","family"
"ano ngo.3",2650,0.391374897753457,"ano ngo","family"
"ano ngo.4",3150,0.213058098925137,"ano ngo","family"
"ano ngo.5",3650,0.107536402669354,"ano ngo","family"
"ano ngo.6",4150,0.197674712526729,"ano ngo","family"
"ano ngo.7",4650,0.0612388270173028,"ano ngo","family"
"wai ava.1",150,0.186986574871174,"wai ava","family"
"wai ava.2",650,0.0143420475680442,"wai ava","family"
"wai ava.3",1150,0.0101414883137817,"wai ava","family"
"wai ava.4",1650,0,"wai ava","family"
"wai ava.5",2150,0.0208190946848221,"wai ava","family"
"wai ava.6",3150,0.0373831775700934,"wai ava","family"
"wai ava.7",4150,0.0280322369936542,"wai ava","family"
"wai ava.8",4650,0.0158494304110945,"wai ava","family"
"fin ava.1",150,0.388989024502753,"fin ava","family"
"fin ava.2",650,0.65652897089638,"fin ava","family"
"fin ava.3",1150,0.589530740708425,"fin ava","family"
"fin ava.4",1650,0.32709788922058,"fin ava","family"
"fin ava.5",2150,0.0964123390817345,"fin ava","family"
"fin ava.6",2650,0.363627125318361,"fin ava","family"
"fin ava.7",3150,0,"fin ava","family"
"fin ava.8",4150,0,"fin ava","family"
"fin ava.9",4650,0.0244469524938935,"fin ava","family"
"yac ava.1",150,0.187784535830682,"yac ava","family"
"yac ava.2",650,0.325743645691434,"yac ava","family"
"yac ava.3",1150,0.237883887353231,"yac ava","family"
"yac ava.4",1650,0.117087937465345,"yac ava","family"
"yac ava.5",2150,0.205515601726177,"yac ava","family"
"yac ava.6",2650,0.0152857403886392,"yac ava","family"
"yac ava.7",3150,0,"yac ava","family"
"yac ava.8",4150,0,"yac ava","family"
"yac ava.9",4650,0.0295148125145928,"yac ava","family"
"vol ava.1",150,0.275500894677919,"vol ava","family"
"vol ava.2",650,0.452881485762845,"vol ava","family"
"vol ava.3",1150,0.356960499162435,"vol ava","family"
"vol ava.4",2650,0.222364287830575,"vol ava","family"
"vol ava.5",4150,0.176947655310131,"vol ava","family"
"vol ava.6",4650,0.153419753658538,"vol ava","family"
"tuk ava.1",150,0.583540352698724,"tuk ava","family"
"tuk ava.2",650,0.38045058475949,"tuk ava","family"
"tuk ava.3",1150,0.228368469294225,"tuk ava","family"
"tuk ava.4",2150,0.32519779425569,"tuk ava","family"
"tuk ava.5",3150,0.193548387096774,"tuk ava","family"
"tuk ava.6",4150,0.28294458560539,"tuk ava","family"
"aro ava.1",150,0.137857995596072,"aro ava","family"
"aro ava.2",650,0.283011887746695,"aro ava","family"
"aro ava.3",1150,0.35517084463047,"aro ava","family"
"aro ava.4",1650,0.164325885729543,"aro ava","family"
"aro ava.5",2650,0.166381199758023,"aro ava","family"
"aro ava.6",3150,0.209661712959103,"aro ava","family"
"aro ava.7",4650,0.0955311450174614,"aro ava","family"
"lot ava.1",150,0.227734661792328,"lot ava","family"
"lot ava.2",650,0.444315760236922,"lot ava","family"
"lot ava.3",1150,0.758304204078534,"lot ava","family"
"lot ava.4",1650,0.208342129175693,"lot ava","family"
"lot ava.5",2150,0.299227166828711,"lot ava","family"
"lot ava.6",3150,0,"lot ava","family"
"lan ava.1",650,0.0688031506610773,"lan ava","family"
"lan ava.2",1150,0.0781175881113318,"lan ava","family"
"lan ava.3",1650,0.0981455383335883,"lan ava","family"
"lan ava.4",2650,0.0565311930992963,"lan ava","family"
"lan ava.5",3150,0.122990492289966,"lan ava","family"
"lan ava.6",4150,0.140145312581442,"lan ava","family"
"lan ava.7",4650,0.099743029775666,"lan ava","family"
"lou ava.1",650,0.544497028786963,"lou ava","family"
"lou ava.2",1150,0.302759908448115,"lou ava","family"
"lou ava.3",1650,0.449686251786757,"lou ava","family"
"lou ava.4",2150,0.442879967094174,"lou ava","family"
"lou ava.5",2650,0.537620762472202,"lou ava","family"
"lou ava.6",3150,0.40482620874154,"lou ava","family"
"lou ava.7",4150,0.311212690717031,"lou ava","family"
"lou ava.8",4650,0.163970757079766,"lou ava","family"
"ano ava.1",1650,0.230026463380068,"ano ava","family"
"ano ava.2",2150,0.311990686845169,"ano ava","family"
"ano ava.3",2650,0.277259734782813,"ano ava","family"
"ano ava.4",3150,0.205788308600475,"ano ava","family"
"ano ava.5",4150,0.120475287685728,"ano ava","family"
"ano ava.6",4650,0.126018468223792,"ano ava","family"
"fin wai.1",150,0.59454842655203,"fin wai","family"
"fin wai.2",650,0.0209054341698658,"fin wai","family"
"fin wai.3",1150,0.0157496707280925,"fin wai","family"
"fin wai.4",1650,0,"fin wai","family"
"fin wai.5",2150,0.0569236972079429,"fin wai","family"
"fin wai.6",3150,0,"fin wai","family"
"fin wai.7",4150,0,"fin wai","family"
"fin wai.8",4650,0,"fin wai","family"
"yac wai.1",150,0.248779408437144,"yac wai","family"
"yac wai.2",650,0.0103768960176256,"yac wai","family"
"yac wai.3",1150,0.00800827000659277,"yac wai","family"
"yac wai.4",1650,0,"yac wai","family"
"yac wai.5",2150,0.00740799676971715,"yac wai","family"
"yac wai.6",3150,0,"yac wai","family"
"yac wai.7",4150,0,"yac wai","family"
"yac wai.8",4650,0,"yac wai","family"
"vol wai.1",150,0.343854031479422,"vol wai","family"
"vol wai.2",650,0.0160631291781903,"vol wai","family"
"vol wai.3",1150,0.0113058632328303,"vol wai","family"
"vol wai.4",4150,0.0194958525021109,"vol wai","family"
"vol wai.5",4650,0,"vol wai","family"
"tuk wai.1",150,0.35372976668835,"tuk wai","family"
"tuk wai.2",650,0.0502636769731167,"tuk wai","family"
"tuk wai.3",1150,0.0233037739740153,"tuk wai","family"
"tuk wai.4",2150,0.0208286271166339,"tuk wai","family"
"tuk wai.5",3150,0.0409416581371544,"tuk wai","family"
"tuk wai.6",4150,0.0592755214050494,"tuk wai","family"
"aro wai.1",150,0.489550749898396,"aro wai","family"
"aro wai.2",650,0.0191595189652662,"aro wai","family"
"aro wai.3",1150,0.00982007312855704,"aro wai","family"
"aro wai.4",1650,0,"aro wai","family"
"aro wai.5",3150,0.0624145297343147,"aro wai","family"
"aro wai.6",4650,0,"aro wai","family"
"lot wai.1",150,0.39004173092676,"lot wai","family"
"lot wai.2",650,0.0169926107280784,"lot wai","family"
"lot wai.3",1150,0.00866359546679152,"lot wai","family"
"lot wai.4",1650,0,"lot wai","family"
"lot wai.5",2150,0.0539214724407905,"lot wai","family"
"lot wai.6",3150,0,"lot wai","family"
"lan wai.1",650,0.0138015352511103,"lan wai","family"
"lan wai.2",1150,0.00666218697756871,"lan wai","family"
"lan wai.3",1650,0,"lan wai","family"
"lan wai.4",3150,0.0118814029821056,"lan wai","family"
"lan wai.5",4150,0.0228719637327107,"lan wai","family"
"lan wai.6",4650,0.0028909011480821,"lan wai","family"
"lou wai.1",650,0.00988425268052073,"lou wai","family"
"lou wai.2",1150,0.00421664572478886,"lou wai","family"
"lou wai.3",1650,0,"lou wai","family"
"lou wai.4",2150,0.0107940404140339,"lou wai","family"
"lou wai.5",3150,0.0324818112168828,"lou wai","family"
"lou wai.6",4150,0.0222136007926207,"lou wai","family"
"lou wai.7",4650,0,"lou wai","family"
"ano wai.1",1650,0,"ano wai","family"
"ano wai.2",2150,0.0212920396806195,"ano wai","family"
"ano wai.3",3150,0.0486654518169151,"ano wai","family"
"ano wai.4",4150,0.0136612021857923,"ano wai","family"
"ano wai.5",4650,0,"ano wai","family"
"yac fin.1",150,0.428206597326217,"yac fin","family"
"yac fin.2",650,0.271236751707958,"yac fin","family"
"yac fin.3",1150,0.259840085652645,"yac fin","family"
"yac fin.4",1650,0.168759797281696,"yac fin","family"
"yac fin.5",2150,0.0309438618169224,"yac fin","family"
"yac fin.6",2650,0.00766660722796375,"yac fin","family"
"yac fin.7",3150,0,"yac fin","family"
"yac fin.8",3650,0.0386245610853168,"yac fin","family"
"yac fin.9",4150,0,"yac fin","family"
"yac fin.10",4650,0,"yac fin","family"
"vol fin.1",150,0.59437669753213,"vol fin","family"
"vol fin.2",650,0.414887007790908,"vol fin","family"
"vol fin.3",1150,0.380399848040446,"vol fin","family"
"vol fin.4",2650,0.221080685455227,"vol fin","family"
"vol fin.5",3650,0.0787997292178755,"vol fin","family"
"vol fin.6",4150,0,"vol fin","family"
"vol fin.7",4650,0.0159134589286652,"vol fin","family"
"tuk fin.1",150,0.641504489509072,"tuk fin","family"
"tuk fin.2",650,0.503282638060359,"tuk fin","family"
"tuk fin.3",1150,0.261611464263079,"tuk fin","family"
"tuk fin.4",2150,0.0964639334390185,"tuk fin","family"
"tuk fin.5",3150,0,"tuk fin","family"
"tuk fin.6",3650,0,"tuk fin","family"
"tuk fin.7",4150,0,"tuk fin","family"
"aro fin.1",150,0.548064289711276,"aro fin","family"
"aro fin.2",650,0.414064028325808,"aro fin","family"
"aro fin.3",1150,0.452244577760295,"aro fin","family"
"aro fin.4",1650,0.263118706535999,"aro fin","family"
"aro fin.5",2650,0.222672418809111,"aro fin","family"
"aro fin.6",3150,0,"aro fin","family"
"aro fin.7",4650,0,"aro fin","family"
"lot fin.1",150,0.60434369328327,"lot fin","family"
"lot fin.2",650,0.674739258426697,"lot fin","family"
"lot fin.3",1150,0.519126790062036,"lot fin","family"
"lot fin.4",1650,0.273315280754705,"lot fin","family"
"lot fin.5",2150,0.341222193344168,"lot fin","family"
"lot fin.6",3150,0,"lot fin","family"
"lot fin.7",3650,0,"lot fin","family"
"lan fin.1",650,0.0502091600676146,"lan fin","family"
"lan fin.2",1150,0.0818082876467504,"lan fin","family"
"lan fin.3",1650,0.0336272521611271,"lan fin","family"
"lan fin.4",2650,0.0052879255472843,"lan fin","family"
"lan fin.5",3150,0,"lan fin","family"
"lan fin.6",3650,0,"lan fin","family"
"lan fin.7",4150,0,"lan fin","family"
"lan fin.8",4650,0.0104647350860624,"lan fin","family"
"lou fin.1",650,0.447645060443298,"lou fin","family"
"lou fin.2",1150,0.0918281757637338,"lou fin","family"
"lou fin.3",1650,0.0741980808247129,"lou fin","family"
"lou fin.4",2150,0.0462316697718783,"lou fin","family"
"lou fin.5",2650,0.17386927955948,"lou fin","family"
"lou fin.6",3150,0,"lou fin","family"
"lou fin.7",3650,0.0541121006663338,"lou fin","family"
"lou fin.8",4150,0,"lou fin","family"
"lou fin.9",4650,0.0127215996930263,"lou fin","family"
"ano fin.1",1650,0.376250567033122,"ano fin","family"
"ano fin.2",2150,0.0989818053225576,"ano fin","family"
"ano fin.3",2650,0.439885408002958,"ano fin","family"
"ano fin.4",3150,0,"ano fin","family"
"ano fin.5",3650,0.0851565255821436,"ano fin","family"
"ano fin.6",4150,0,"ano fin","family"
"ano fin.7",4650,0,"ano fin","family"
"vol yac.1",150,0.614100255463751,"vol yac","family"
"vol yac.2",650,0.559227534900683,"vol yac","family"
"vol yac.3",1150,0.557319251189502,"vol yac","family"
"vol yac.4",2650,0.182914595759029,"vol yac","family"
"vol yac.5",3650,0.140730330190955,"vol yac","family"
"vol yac.6",4150,0.341337970276374,"vol yac","family"
"vol yac.7",4650,0.345198445459919,"vol yac","family"
"tuk yac.1",150,0.348449691690925,"tuk yac","family"
"tuk yac.2",650,0.22392698996501,"tuk yac","family"
"tuk yac.3",1150,0.0808669806909202,"tuk yac","family"
"tuk yac.4",2150,0.0780649869290818,"tuk yac","family"
"tuk yac.5",3150,0,"tuk yac","family"
"tuk yac.6",3650,0.0108797321983739,"tuk yac","family"
"tuk yac.7",4150,0,"tuk yac","family"
"aro yac.1",150,0.30775026463352,"aro yac","family"
"aro yac.2",650,0.594005166920282,"aro yac","family"
"aro yac.3",1150,0.52680145184575,"aro yac","family"
"aro yac.4",1650,0.614834263198505,"aro yac","family"
"aro yac.5",2650,0.00501026107357383,"aro yac","family"
"aro yac.6",3150,0,"aro yac","family"
"aro yac.7",4650,0.0102560997954316,"aro yac","family"
"lot yac.1",150,0.35197341414958,"lot yac","family"
"lot yac.2",650,0.515078322051452,"lot yac","family"
"lot yac.3",1150,0.242300861994582,"lot yac","family"
"lot yac.4",1650,0.0313806346749921,"lot yac","family"
"lot yac.5",2150,0.0975781757467747,"lot yac","family"
"lot yac.6",3150,0,"lot yac","family"
"lot yac.7",3650,0,"lot yac","family"
"lan yac.1",650,0.0724800587409303,"lan yac","family"
"lan yac.2",1150,0.0714777144019003,"lan yac","family"
"lan yac.3",1650,0.100003129586872,"lan yac","family"
"lan yac.4",2650,0.094017608796645,"lan yac","family"
"lan yac.5",3150,0.0323011925826975,"lan yac","family"
"lan yac.6",3650,0.03227784389042,"lan yac","family"
"lan yac.7",4150,0.0263084428609551,"lan yac","family"
"lan yac.8",4650,0.0381549317112243,"lan yac","family"
"lou yac.1",650,0.097970713004023,"lou yac","family"
"lou yac.2",1150,0.0556365801000916,"lou yac","family"
"lou yac.3",1650,0.0375537305047733,"lou yac","family"
"lou yac.4",2150,0.142442055686749,"lou yac","family"
"lou yac.5",2650,0.0349482397921926,"lou yac","family"
"lou yac.6",3150,0.00165549012897082,"lou yac","family"
"lou yac.7",3650,0.108869240548409,"lou yac","family"
"lou yac.8",4150,0.00709700419614478,"lou yac","family"
"lou yac.9",4650,0.0312506568240168,"lou yac","family"
"ano yac.1",1650,0.245705538358944,"ano yac","family"
"ano yac.2",2150,0.165432458196586,"ano yac","family"
"ano yac.3",2650,0.00642425015767689,"ano yac","family"
"ano yac.4",3150,0,"ano yac","family"
"ano yac.5",3650,0.0438883937432627,"ano yac","family"
"ano yac.6",4150,0,"ano yac","family"
"ano yac.7",4650,0.0146405197710464,"ano yac","family"
"tuk vol.1",150,0.476891765742623,"tuk vol","family"
"tuk vol.2",650,0.389318761650867,"tuk vol","family"
"tuk vol.3",1150,0.161098605413951,"tuk vol","family"
"tuk vol.4",3650,0.121933251582513,"tuk vol","family"
"tuk vol.5",4150,0.220890467490936,"tuk vol","family"
"aro vol.1",150,0.415846712287368,"aro vol","family"
"aro vol.2",650,0.552617792616235,"aro vol","family"
"aro vol.3",1150,0.338645091399402,"aro vol","family"
"aro vol.4",2650,0.639695686066917,"aro vol","family"
"aro vol.5",4650,0.0468579250863522,"aro vol","family"
"lot vol.1",150,0.455213475402244,"lot vol","family"
"lot vol.2",650,0.519243059034065,"lot vol","family"
"lot vol.3",1150,0.337230817157073,"lot vol","family"
"lot vol.4",3650,0,"lot vol","family"
"lan vol.1",650,0.129968457496859,"lan vol","family"
"lan vol.2",1150,0.0984969588696822,"lan vol","family"
"lan vol.3",2650,0.113956954632156,"lan vol","family"
"lan vol.4",3650,0.0218632802854154,"lan vol","family"
"lan vol.5",4150,0.0886618085911084,"lan vol","family"
"lan vol.6",4650,0.0885930762208365,"lan vol","family"
"lou vol.1",650,0.174810168151007,"lou vol","family"
"lou vol.2",1150,0.0877266733995558,"lou vol","family"
"lou vol.3",2650,0.261716844760904,"lou vol","family"
"lou vol.4",3650,0.296012220753295,"lou vol","family"
"lou vol.5",4150,0.250769272594814,"lou vol","family"
"lou vol.6",4650,0.143451169208305,"lou vol","family"
"ano vol.1",2650,0.333564664608587,"ano vol","family"
"ano vol.2",3650,0.238116917640237,"ano vol","family"
"ano vol.3",4150,0.24680160005212,"ano vol","family"
"ano vol.4",4650,0.0537770816780327,"ano vol","family"
"aro tuk.1",150,0.660429563749503,"aro tuk","family"
"aro tuk.2",650,0.376552839535412,"aro tuk","family"
"aro tuk.3",1150,0.0201271355114413,"aro tuk","family"
"aro tuk.4",3150,0.147995732582192,"aro tuk","family"
"lot tuk.1",150,0.672484261954979,"lot tuk","family"
"lot tuk.2",650,0.425240454472261,"lot tuk","family"
"lot tuk.3",1150,0.196179725490653,"lot tuk","family"
"lot tuk.4",2150,0.210424927090768,"lot tuk","family"
"lot tuk.5",3150,0,"lot tuk","family"
"lot tuk.6",3650,0,"lot tuk","family"
"lan tuk.1",650,0.0904041369198439,"lan tuk","family"
"lan tuk.2",1150,0.185006496002083,"lan tuk","family"
"lan tuk.3",3150,0.410291987221955,"lan tuk","family"
"lan tuk.4",3650,0.0958264037380219,"lan tuk","family"
"lan tuk.5",4150,0.094026899052976,"lan tuk","family"
"lou tuk.1",650,0.221607383651593,"lou tuk","family"
"lou tuk.2",1150,0.104054061381006,"lou tuk","family"
"lou tuk.3",2150,0.334638534586817,"lou tuk","family"
"lou tuk.4",3150,0.346711203949465,"lou tuk","family"
"lou tuk.5",3650,0.1395309487581,"lou tuk","family"
"lou tuk.6",4150,0.346152323355266,"lou tuk","family"
"ano tuk.1",2150,0.173992790586114,"ano tuk","family"
"ano tuk.2",3150,0.130354206363708,"ano tuk","family"
"ano tuk.3",3650,0.0491056361795478,"ano tuk","family"
"ano tuk.4",4150,0.134831460674157,"ano tuk","family"
"lot aro.1",150,0.79373568368342,"lot aro","family"
"lot aro.2",650,0.7892307888511,"lot aro","family"
"lot aro.3",1150,0.364098641014993,"lot aro","family"
"lot aro.4",1650,0.0506557898344806,"lot aro","family"
"lot aro.5",3150,0,"lot aro","family"
"lan aro.1",650,0.0538676332727385,"lan aro","family"
"lan aro.2",1150,0.011631623895745,"lan aro","family"
"lan aro.3",1650,0.0109669608538565,"lan aro","family"
"lan aro.4",2650,0.00306491769925721,"lan aro","family"
"lan aro.5",3150,0.00928312419826727,"lan aro","family"
"lan aro.6",4650,0.00162037442672147,"lan aro","family"
"lou aro.1",650,0.129091079342171,"lou aro","family"
"lou aro.2",1150,0.0326301971997043,"lou aro","family"
"lou aro.3",1650,0.0444291601472547,"lou aro","family"
"lou aro.4",2650,0.151983407029136,"lou aro","family"
"lou aro.5",3150,0.131786204669363,"lou aro","family"
"lou aro.6",4650,0.0699757475504214,"lou aro","family"
"ano aro.1",1650,0.371498941072815,"ano aro","family"
"ano aro.2",2650,0.307642479715752,"ano aro","family"
"ano aro.3",3150,0.563130702224517,"ano aro","family"
"ano aro.4",4650,0.130424853393363,"ano aro","family"
"lan lot.1",650,0.0456451698361393,"lan lot","family"
"lan lot.2",1150,0.0630533927188039,"lan lot","family"
"lan lot.3",1650,0.0928160955780039,"lan lot","family"
"lan lot.4",3150,0,"lan lot","family"
"lan lot.5",3650,0,"lan lot","family"
"lou lot.1",650,0.295302961008258,"lou lot","family"
"lou lot.2",1150,0.432005916287842,"lou lot","family"
"lou lot.3",1650,0.0552347222328067,"lou lot","family"
"lou lot.4",2150,0.145242716791434,"lou lot","family"
"lou lot.5",3150,0,"lou lot","family"
"lou lot.6",3650,0,"lou lot","family"
"ano lot.1",1650,0.0756413662910996,"ano lot","family"
"ano lot.2",2150,0.307011617800382,"ano lot","family"
"ano lot.3",3150,0,"ano lot","family"
"ano lot.4",3650,0,"ano lot","family"
"lou lan.1",650,0.0842613192828705,"lou lan","family"
"lou lan.2",1150,0.0484452355328187,"lou lan","family"
"lou lan.3",1650,0.0340663793124494,"lou lan","family"
"lou lan.4",2650,0.255087021928201,"lou lan","family"
"lou lan.5",3150,0.170961280676822,"lou lan","family"
"lou lan.6",3650,0.179624515930847,"lou lan","family"
"lou lan.7",4150,0.108039647573218,"lou lan","family"
"lou lan.8",4650,0.112396041198707,"lou lan","family"
"ano lan.1",1650,0.0404085055784069,"ano lan","family"
"ano lan.2",2650,0.0221206854498716,"ano lan","family"
"ano lan.3",3150,0.0394772627485787,"ano lan","family"
"ano lan.4",3650,0.0104702164788003,"ano lan","family"
"ano lan.5",4150,0.00831743392854234,"ano lan","family"
"ano lan.6",4650,0.00250863109945765,"ano lan","family"
"ano lou.1",1650,0.0569252295838376,"ano lou","family"
"ano lou.2",2150,0.208879111623532,"ano lou","family"
"ano lou.3",2650,0.218779310609752,"ano lou","family"
"ano lou.4",3150,0.134903935437882,"ano lou","family"
"ano lou.5",3650,0.135864443481537,"ano lou","family"
"ano lou.6",4150,0.0984522263942134,"ano lou","family"
"ano lou.7",4650,0.0770615836297356,"ano lou","family"
"plu tag.11",150,0.0672742387109537,"plu tag","genus"
"plu tag.21",650,0.036638281620067,"plu tag","genus"
"plu tag.31",1150,0.0951076167281047,"plu tag","genus"
"plu tag.41",1650,0.0701914273866752,"plu tag","genus"
"plu tag.51",2150,0.145257104493924,"plu tag","genus"
"plu tag.61",2650,0.633384120641512,"plu tag","genus"
"plu tag.71",3150,0.499493047150564,"plu tag","genus"
"plu tag.81",3650,0.552755160978414,"plu tag","genus"
"plu tag.91",4150,0.387814288968808,"plu tag","genus"
"plu tag.101",4650,0.365074390993389,"plu tag","genus"
"bon tag.11",150,0.235195820890698,"bon tag","genus"
"bon tag.21",650,0.0948190990447905,"bon tag","genus"
"bon tag.31",1150,0.154247548407615,"bon tag","genus"
"bon tag.41",1650,0.087637871236104,"bon tag","genus"
"bon tag.51",2150,0.155452440939039,"bon tag","genus"
"bon tag.61",2650,0.0823635862917645,"bon tag","genus"
"bon tag.71",3150,0.159297044343229,"bon tag","genus"
"bon tag.81",3650,0.190844422057313,"bon tag","genus"
"bon tag.91",4150,0.282675813902052,"bon tag","genus"
"ngo tag.11",150,0.0887581331824903,"ngo tag","genus"
"ngo tag.21",650,0.123692734488458,"ngo tag","genus"
"ngo tag.31",1150,0.103842747799599,"ngo tag","genus"
"ngo tag.41",1650,0.0810996427366082,"ngo tag","genus"
"ngo tag.51",2150,0.116709364616446,"ngo tag","genus"
"ngo tag.61",2650,0.087925802023931,"ngo tag","genus"
"ngo tag.71",3150,0.029364913012954,"ngo tag","genus"
"ngo tag.81",3650,0.0298147290223958,"ngo tag","genus"
"ngo tag.91",4150,0.0634561467983189,"ngo tag","genus"
"ngo tag.101",4650,0.0981778619438709,"ngo tag","genus"
"ava tag.11",150,0.19198658807393,"ava tag","genus"
"ava tag.21",650,0.0888163789960265,"ava tag","genus"
"ava tag.31",1150,0.0640833916148329,"ava tag","genus"
"ava tag.41",1650,0.227924181836563,"ava tag","genus"
"ava tag.51",2150,0.277347221877666,"ava tag","genus"
"ava tag.61",2650,0.214675970130993,"ava tag","genus"
"ava tag.71",3150,0.131482080776412,"ava tag","genus"
"ava tag.81",4150,0.161904123684491,"ava tag","genus"
"ava tag.91",4650,0.177998191196493,"ava tag","genus"
"wai tag.11",150,0.0169647384944767,"wai tag","genus"
"wai tag.21",650,0.0030297869082736,"wai tag","genus"
"wai tag.31",1150,0.0108528287714873,"wai tag","genus"
"wai tag.41",1650,0.0182556501943082,"wai tag","genus"
"wai tag.51",2150,0.0199082477026197,"wai tag","genus"
"wai tag.61",3150,0.0112486007298142,"wai tag","genus"
"wai tag.71",4150,0.0178033533884085,"wai tag","genus"
"wai tag.81",4650,0.00240891004135146,"wai tag","genus"
"fin tag.11",150,0.100278808237736,"fin tag","genus"
"fin tag.21",650,0.0510911035215434,"fin tag","genus"
"fin tag.31",1150,0.0327547701673624,"fin tag","genus"
"fin tag.41",1650,0.0549743043703175,"fin tag","genus"
"fin tag.51",2150,0.0573885065673252,"fin tag","genus"
"fin tag.61",2650,0.031442709570443,"fin tag","genus"
"fin tag.71",3150,0.00505054333075627,"fin tag","genus"
"fin tag.81",3650,0.0461348386615423,"fin tag","genus"
"fin tag.91",4150,0,"fin tag","genus"
"fin tag.101",4650,0.0480660338903824,"fin tag","genus"
"yac tag.11",150,0.00413450180400909,"yac tag","genus"
"yac tag.21",650,0.00936213113083528,"yac tag","genus"
"yac tag.31",1150,0.00572261300018861,"yac tag","genus"
"yac tag.41",1650,0.0139341793196349,"yac tag","genus"
"yac tag.51",2150,0.0016769562149006,"yac tag","genus"
"yac tag.61",2650,0.00512155636619016,"yac tag","genus"
"yac tag.71",3150,0,"yac tag","genus"
"yac tag.81",3650,0,"yac tag","genus"
"yac tag.91",4150,0,"yac tag","genus"
"yac tag.101",4650,0,"yac tag","genus"
"vol tag.11",150,0.0903086758616624,"vol tag","genus"
"vol tag.21",650,0.0300731736788264,"vol tag","genus"
"vol tag.31",1150,0.0131309811579952,"vol tag","genus"
"vol tag.41",2650,0.693287776231817,"vol tag","genus"
"vol tag.51",3650,0.593371554212926,"vol tag","genus"
"vol tag.61",4150,0.388369952391014,"vol tag","genus"
"vol tag.71",4650,0.0770537565544982,"vol tag","genus"
"tuk tag.11",150,0.00292100093325054,"tuk tag","genus"
"tuk tag.21",650,0.0104501829393693,"tuk tag","genus"
"tuk tag.31",1150,0.0465217145205788,"tuk tag","genus"
"tuk tag.41",2150,0.0228098357637835,"tuk tag","genus"
"tuk tag.51",3150,0.0181270073423864,"tuk tag","genus"
"tuk tag.61",3650,0.00219060762095635,"tuk tag","genus"
"tuk tag.71",4150,0.0342836636108059,"tuk tag","genus"
"aro tag.11",150,0.0332191093356119,"aro tag","genus"
"aro tag.21",650,0,"aro tag","genus"
"aro tag.31",1150,0.016793096312584,"aro tag","genus"
"aro tag.41",1650,0,"aro tag","genus"
"aro tag.51",2650,0,"aro tag","genus"
"aro tag.61",3150,0,"aro tag","genus"
"aro tag.71",4650,0,"aro tag","genus"
"lot tag.11",150,0,"lot tag","genus"
"lot tag.21",650,0.0247713163507143,"lot tag","genus"
"lot tag.31",1150,0,"lot tag","genus"
"lot tag.41",1650,0.011520541745656,"lot tag","genus"
"lot tag.51",2150,0.013790104566603,"lot tag","genus"
"lot tag.61",2650,0,"lot tag","genus"
"lot tag.71",3150,0.0101095528525935,"lot tag","genus"
"lot tag.8",3650,0.0584220567010281,"lot tag","genus"
"lot tag.9",4150,0.132146588020107,"lot tag","genus"
"lot tag.10",4650,0.0434598367471424,"lot tag","genus"
"lan tag.11",650,0.0344108136248572,"lan tag","genus"
"lan tag.21",1150,0.006243914452849,"lan tag","genus"
"lan tag.31",1650,0.287662341045572,"lan tag","genus"
"lan tag.41",2650,0.383500660803496,"lan tag","genus"
"lan tag.51",3150,0.171241552645601,"lan tag","genus"
"lan tag.61",3650,0.213962423167191,"lan tag","genus"
"lan tag.71",4150,0.280136259387936,"lan tag","genus"
"lan tag.81",4650,0.235254235897323,"lan tag","genus"
"lou tag.11",650,0.0104266026378974,"lou tag","genus"
"lou tag.21",1150,0.0014734401175801,"lou tag","genus"
"lou tag.31",1650,0.00152598080603705,"lou tag","genus"
"lou tag.41",2150,0.0140049338345695,"lou tag","genus"
"lou tag.51",2650,0.0267467800632523,"lou tag","genus"
"lou tag.61",3150,0.0407530435591756,"lou tag","genus"
"lou tag.71",3650,0.0386504746817318,"lou tag","genus"
"lou tag.81",4150,0.0955472245823205,"lou tag","genus"
"lou tag.91",4650,0.0643628960032187,"lou tag","genus"
"ano tag.11",1650,0.0995352056192764,"ano tag","genus"
"ano tag.21",2150,0.0994740783428573,"ano tag","genus"
"ano tag.31",2650,0.0859661899514571,"ano tag","genus"
"ano tag.41",3150,0.0768245880272105,"ano tag","genus"
"ano tag.51",3650,0.0853515714180174,"ano tag","genus"
"ano tag.61",4150,0.037120087409913,"ano tag","genus"
"ano tag.71",4650,0.0752841684095663,"ano tag","genus"
"bon plu.11",150,0.00998153348730124,"bon plu","genus"
"bon plu.21",650,0.0054227905695643,"bon plu","genus"
"bon plu.31",1150,0.0299983830754504,"bon plu","genus"
"bon plu.41",1650,0.0732697190168271,"bon plu","genus"
"bon plu.51",2150,0.240518137021739,"bon plu","genus"
"bon plu.61",2650,0.0365903867851128,"bon plu","genus"
"bon plu.71",3150,0.119890896907351,"bon plu","genus"
"bon plu.81",3650,0.0776747294472565,"bon plu","genus"
"bon plu.91",4150,0.0818886019918849,"bon plu","genus"
"ngo plu.11",150,0.0104745311058728,"ngo plu","genus"
"ngo plu.21",650,0.00470408780533882,"ngo plu","genus"
"ngo plu.31",1150,0.0481477553974422,"ngo plu","genus"
"ngo plu.41",1650,0.110518932863038,"ngo plu","genus"
"ngo plu.51",2150,0.221320934829179,"ngo plu","genus"
"ngo plu.61",2650,0.210459813040475,"ngo plu","genus"
"ngo plu.71",3150,0.208851219908346,"ngo plu","genus"
"ngo plu.81",3650,0.174235761481753,"ngo plu","genus"
"ngo plu.91",4150,0.0514995556105098,"ngo plu","genus"
"ngo plu.101",4650,0.132998462395378,"ngo plu","genus"
"ava plu.11",150,0.0120736720264608,"ava plu","genus"
"ava plu.21",650,0.0034772656458808,"ava plu","genus"
"ava plu.31",1150,0.0148380848402974,"ava plu","genus"
"ava plu.41",1650,0.0163418841863728,"ava plu","genus"
"ava plu.51",2150,0.129777389879409,"ava plu","genus"
"ava plu.61",2650,0.3075628620433,"ava plu","genus"
"ava plu.71",3150,0.148230934384283,"ava plu","genus"
"ava plu.81",4150,0.120612724132123,"ava plu","genus"
"ava plu.91",4650,0.155619596541787,"ava plu","genus"
"wai plu.11",150,0.00464334933943811,"wai plu","genus"
"wai plu.21",650,0.0160062460951425,"wai plu","genus"
"wai plu.31",1150,0.0492513152649529,"wai plu","genus"
"wai plu.41",1650,0.00413619203248494,"wai plu","genus"
"wai plu.51",2150,0.0182576294094877,"wai plu","genus"
"wai plu.61",3150,0.016654470211209,"wai plu","genus"
"wai plu.71",4150,0.0145887548300606,"wai plu","genus"
"wai plu.81",4650,0.0302886890676763,"wai plu","genus"
"fin plu.11",150,0.00293291952330554,"fin plu","genus"
"fin plu.21",650,0.00341957043619223,"fin plu","genus"
"fin plu.31",1150,0.0134438810058084,"fin plu","genus"
"fin plu.41",1650,0.00908352562439285,"fin plu","genus"
"fin plu.51",2150,0.0772881307992027,"fin plu","genus"
"fin plu.61",2650,0,"fin plu","genus"
"fin plu.71",3150,0,"fin plu","genus"
"fin plu.81",3650,0.0647408504567604,"fin plu","genus"
"fin plu.91",4150,0,"fin plu","genus"
"fin plu.101",4650,0.0397048842940169,"fin plu","genus"
"yac plu.11",150,0,"yac plu","genus"
"yac plu.21",650,0,"yac plu","genus"
"yac plu.31",1150,0,"yac plu","genus"
"yac plu.41",1650,0,"yac plu","genus"
"yac plu.51",2150,0.0244768581155312,"yac plu","genus"
"yac plu.61",2650,0,"yac plu","genus"
"yac plu.71",3150,0,"yac plu","genus"
"yac plu.81",3650,0,"yac plu","genus"
"yac plu.91",4150,0,"yac plu","genus"
"yac plu.101",4650,0,"yac plu","genus"
"vol plu.11",150,0.0041166402158006,"vol plu","genus"
"vol plu.21",650,0.00143197685881102,"vol plu","genus"
"vol plu.31",1150,0.0205588912239426,"vol plu","genus"
"vol plu.41",2650,0.74027732099069,"vol plu","genus"
"vol plu.51",3650,0.615765046640322,"vol plu","genus"
"vol plu.61",4150,0.341400623409796,"vol plu","genus"
"vol plu.71",4650,0.0585558561712406,"vol plu","genus"
"tuk plu.11",150,0,"tuk plu","genus"
"tuk plu.21",650,0.0121961447546902,"tuk plu","genus"
"tuk plu.31",1150,0,"tuk plu","genus"
"tuk plu.41",2150,0,"tuk plu","genus"
"tuk plu.51",3150,0,"tuk plu","genus"
"tuk plu.61",3650,0.0107539764142086,"tuk plu","genus"
"tuk plu.71",4150,0,"tuk plu","genus"
"aro plu.11",150,0,"aro plu","genus"
"aro plu.21",650,0,"aro plu","genus"
"aro plu.31",1150,0.00422606693139715,"aro plu","genus"
"aro plu.41",1650,0,"aro plu","genus"
"aro plu.51",2650,0,"aro plu","genus"
"aro plu.61",3150,0,"aro plu","genus"
"aro plu.71",4650,0,"aro plu","genus"
"lot plu.11",150,0,"lot plu","genus"
"lot plu.21",650,0.00213503594168185,"lot plu","genus"
"lot plu.31",1150,0,"lot plu","genus"
"lot plu.41",1650,0,"lot plu","genus"
"lot plu.51",2150,0,"lot plu","genus"
"lot plu.61",2650,0,"lot plu","genus"
"lot plu.71",3150,0.117451704662057,"lot plu","genus"
"lot plu.8",3650,0.0426262071523272,"lot plu","genus"
"lot plu.9",4150,0.124727609828921,"lot plu","genus"
"lot plu.10",4650,0.0349705712027447,"lot plu","genus"
"lan plu.11",650,0.00137399373052283,"lan plu","genus"
"lan plu.21",1150,0.0149951963271765,"lan plu","genus"
"lan plu.31",1650,0.0197845041005709,"lan plu","genus"
"lan plu.41",2650,0.384029886713274,"lan plu","genus"
"lan plu.51",3150,0.195757151032782,"lan plu","genus"
"lan plu.61",3650,0.212685438858903,"lan plu","genus"
"lan plu.71",4150,0.246761915496419,"lan plu","genus"
"lan plu.81",4650,0.234349803128541,"lan plu","genus"
"lou plu.11",650,0.558078004968885,"lou plu","genus"
"lou plu.21",1150,0.0881295382612551,"lou plu","genus"
"lou plu.31",1650,0.023213236464571,"lou plu","genus"
"lou plu.41",2150,0.0785821300169143,"lou plu","genus"
"lou plu.51",2650,0.0593270477294163,"lou plu","genus"
"lou plu.61",3150,0.0834076861260936,"lou plu","genus"
"lou plu.71",3650,0.237420813023167,"lou plu","genus"
"lou plu.81",4150,0.174734247027889,"lou plu","genus"
"lou plu.91",4650,0.209078364406667,"lou plu","genus"
"ano plu.11",1650,0.0612955171757684,"ano plu","genus"
"ano plu.21",2150,0.102215321114167,"ano plu","genus"
"ano plu.31",2650,0.0671641791044779,"ano plu","genus"
"ano plu.41",3150,0.0280194741831564,"ano plu","genus"
"ano plu.51",3650,0.207758997811471,"ano plu","genus"
"ano plu.61",4150,0.0546448087431693,"ano plu","genus"
"ano plu.71",4650,0.126799052650756,"ano plu","genus"
"ngo bon.11",150,0.101592790087515,"ngo bon","genus"
"ngo bon.21",650,0.255286553029584,"ngo bon","genus"
"ngo bon.31",1150,0.159118434472605,"ngo bon","genus"
"ngo bon.41",1650,0.24290587868928,"ngo bon","genus"
"ngo bon.51",2150,0.147433355128951,"ngo bon","genus"
"ngo bon.61",2650,0.0624469723450619,"ngo bon","genus"
"ngo bon.71",3150,0.0898261825290801,"ngo bon","genus"
"ngo bon.81",3650,0.0719602282869476,"ngo bon","genus"
"ngo bon.91",4150,0.0682722167130617,"ngo bon","genus"
"ava bon.11",150,0.328327046716992,"ava bon","genus"
"ava bon.21",650,0.293360395569279,"ava bon","genus"
"ava bon.31",1150,0.275212681752633,"ava bon","genus"
"ava bon.41",1650,0.0750989613174603,"ava bon","genus"
"ava bon.51",2150,0.112361593162431,"ava bon","genus"
"ava bon.61",2650,0.0552280007055732,"ava bon","genus"
"ava bon.71",3150,0.1125249500998,"ava bon","genus"
"ava bon.81",4150,0.0897634299662795,"ava bon","genus"
"wai bon.11",150,0,"wai bon","genus"
"wai bon.21",650,0,"wai bon","genus"
"wai bon.31",1150,0,"wai bon","genus"
"wai bon.41",1650,0.00772517356469649,"wai bon","genus"
"wai bon.51",2150,0.013794108169928,"wai bon","genus"
"wai bon.61",3150,0.00397986815831952,"wai bon","genus"
"wai bon.71",4150,0.00786791809930931,"wai bon","genus"
"fin bon.11",150,0.0534497138286677,"fin bon","genus"
"fin bon.21",650,0.0753551906608164,"fin bon","genus"
"fin bon.31",1150,0.0460448945738855,"fin bon","genus"
"fin bon.41",1650,0.0351441476971723,"fin bon","genus"
"fin bon.51",2150,0.0621163176353814,"fin bon","genus"
"fin bon.61",2650,0.00310716915026577,"fin bon","genus"
"fin bon.71",3150,0,"fin bon","genus"
"fin bon.81",3650,0.0311463879781576,"fin bon","genus"
"fin bon.91",4150,0,"fin bon","genus"
"yac bon.11",150,0.00406768584058015,"yac bon","genus"
"yac bon.21",650,0.00596047736929628,"yac bon","genus"
"yac bon.31",1150,0,"yac bon","genus"
"yac bon.41",1650,0,"yac bon","genus"
"yac bon.51",2150,0.018296489379923,"yac bon","genus"
"yac bon.61",2650,0.0165452418160873,"yac bon","genus"
"yac bon.71",3150,0,"yac bon","genus"
"yac bon.81",3650,0,"yac bon","genus"
"yac bon.91",4150,0,"yac bon","genus"
"vol bon.11",150,0.355022890812692,"vol bon","genus"
"vol bon.21",650,0.684427939824624,"vol bon","genus"
"vol bon.31",1150,0.374812377535397,"vol bon","genus"
"vol bon.41",2650,0.0221111101207997,"vol bon","genus"
"vol bon.51",3650,0.00545954247655966,"vol bon","genus"
"vol bon.61",4150,0.0393135037759343,"vol bon","genus"
"tuk bon.11",150,0.00247936047820074,"tuk bon","genus"
"tuk bon.21",650,0.0132551057176338,"tuk bon","genus"
"tuk bon.31",1150,0.0313979109721741,"tuk bon","genus"
"tuk bon.41",2150,0.0414344640052552,"tuk bon","genus"
"tuk bon.51",3150,0.0587823652904123,"tuk bon","genus"
"tuk bon.61",3650,0.00787699298082778,"tuk bon","genus"
"tuk bon.71",4150,0.0111063120873696,"tuk bon","genus"
"aro bon.11",150,0,"aro bon","genus"
"aro bon.21",650,0,"aro bon","genus"
"aro bon.31",1150,0.0162191245243125,"aro bon","genus"
"aro bon.41",1650,0,"aro bon","genus"
"aro bon.51",2650,0,"aro bon","genus"
"aro bon.61",3150,0,"aro bon","genus"
"lot bon.11",150,0.0031387049360736,"lot bon","genus"
"lot bon.21",650,0.0689712826352733,"lot bon","genus"
"lot bon.31",1150,0,"lot bon","genus"
"lot bon.41",1650,0,"lot bon","genus"
"lot bon.51",2150,0.00937616749724868,"lot bon","genus"
"lot bon.61",2650,0,"lot bon","genus"
"lot bon.71",3150,0.0516655006363481,"lot bon","genus"
"lot bon.8",3650,0.0101876978794737,"lot bon","genus"
"lot bon.9",4150,0.0114942528735633,"lot bon","genus"
"lan bon.11",650,0.327479532482895,"lan bon","genus"
"lan bon.21",1150,0.313129740971279,"lan bon","genus"
"lan bon.31",1650,0.0666950710618833,"lan bon","genus"
"lan bon.41",2650,0.0274015792742549,"lan bon","genus"
"lan bon.51",3150,0.0916107376865039,"lan bon","genus"
"lan bon.61",3650,0.00990790403948605,"lan bon","genus"
"lan bon.71",4150,0.023025618858503,"lan bon","genus"
"lou bon.11",650,0,"lou bon","genus"
"lou bon.21",1150,0.00363188564450467,"lou bon","genus"
"lou bon.31",1650,0,"lou bon","genus"
"lou bon.41",2150,0.0295073232221498,"lou bon","genus"
"lou bon.51",2650,0.0168760400682597,"lou bon","genus"
"lou bon.61",3150,0.0592297251223407,"lou bon","genus"
"lou bon.71",3650,0.100089090913174,"lou bon","genus"
"lou bon.81",4150,0.109046425786518,"lou bon","genus"
"ano bon.11",1650,0.0653591430079848,"ano bon","genus"
"ano bon.21",2150,0.0620323643581978,"ano bon","genus"
"ano bon.31",2650,0.0184311214687344,"ano bon","genus"
"ano bon.41",3150,0.077139158245903,"ano bon","genus"
"ano bon.51",3650,0.0942357997935166,"ano bon","genus"
"ano bon.61",4150,0.0735835172921269,"ano bon","genus"
"ava ngo.11",150,0.146481651825032,"ava ngo","genus"
"ava ngo.21",650,0.410816478510079,"ava ngo","genus"
"ava ngo.31",1150,0.234259930032433,"ava ngo","genus"
"ava ngo.41",1650,0.119976021498551,"ava ngo","genus"
"ava ngo.51",2150,0.279906597129358,"ava ngo","genus"
"ava ngo.61",2650,0.248813267027068,"ava ngo","genus"
"ava ngo.71",3150,0.0285143233833477,"ava ngo","genus"
"ava ngo.81",4150,0.106485035260316,"ava ngo","genus"
"ava ngo.91",4650,0.13631804895567,"ava ngo","genus"
"wai ngo.11",150,0,"wai ngo","genus"
"wai ngo.21",650,0.00955652129315232,"wai ngo","genus"
"wai ngo.31",1150,0.002663741833977,"wai ngo","genus"
"wai ngo.41",1650,0.00696791540656694,"wai ngo","genus"
"wai ngo.51",2150,0.00887680453138184,"wai ngo","genus"
"wai ngo.61",3150,0.0112028857814133,"wai ngo","genus"
"wai ngo.71",4150,0.011621399625963,"wai ngo","genus"
"wai ngo.81",4650,0.0139112541632415,"wai ngo","genus"
"fin ngo.11",150,0.211628610505024,"fin ngo","genus"
"fin ngo.21",650,0.279589885886388,"fin ngo","genus"
"fin ngo.31",1150,0.110073402068984,"fin ngo","genus"
"fin ngo.41",1650,0.0556219466189316,"fin ngo","genus"
"fin ngo.51",2150,0.0746967279425057,"fin ngo","genus"
"fin ngo.61",2650,0.000809565205019291,"fin ngo","genus"
"fin ngo.71",3150,0.0242855525976791,"fin ngo","genus"
"fin ngo.81",3650,0.0836285317166794,"fin ngo","genus"
"fin ngo.91",4150,0.0362326353399252,"fin ngo","genus"
"fin ngo.101",4650,0.183664909815205,"fin ngo","genus"
"yac ngo.11",150,0,"yac ngo","genus"
"yac ngo.21",650,0.039691736721203,"yac ngo","genus"
"yac ngo.31",1150,0.0397406742569713,"yac ngo","genus"
"yac ngo.41",1650,0.0126518523508319,"yac ngo","genus"
"yac ngo.51",2150,0.00400602538641393,"yac ngo","genus"
"yac ngo.61",2650,0.00798017960195019,"yac ngo","genus"
"yac ngo.71",3150,0.00256714330168117,"yac ngo","genus"
"yac ngo.81",3650,0.001170166134286,"yac ngo","genus"
"yac ngo.91",4150,0.00907770350164538,"yac ngo","genus"
"yac ngo.101",4650,0.0171971254306437,"yac ngo","genus"
"vol ngo.11",150,0.107449344901354,"vol ngo","genus"
"vol ngo.21",650,0.265227349532613,"vol ngo","genus"
"vol ngo.31",1150,0.10261511799486,"vol ngo","genus"
"vol ngo.41",2650,0.0715930093955303,"vol ngo","genus"
"vol ngo.51",3650,0.0175053456356452,"vol ngo","genus"
"vol ngo.61",4150,0.0404023188449577,"vol ngo","genus"
"vol ngo.71",4650,0.0346074299728121,"vol ngo","genus"
"tuk ngo.11",150,0,"tuk ngo","genus"
"tuk ngo.21",650,0.021106777019766,"tuk ngo","genus"
"tuk ngo.31",1150,0,"tuk ngo","genus"
"tuk ngo.41",2150,0.00443738119483905,"tuk ngo","genus"
"tuk ngo.51",3150,0,"tuk ngo","genus"
"tuk ngo.61",3650,0,"tuk ngo","genus"
"tuk ngo.71",4150,0,"tuk ngo","genus"
"aro ngo.11",150,0,"aro ngo","genus"
"aro ngo.21",650,0,"aro ngo","genus"
"aro ngo.31",1150,0.0316960092361822,"aro ngo","genus"
"aro ngo.41",1650,0,"aro ngo","genus"
"aro ngo.51",2650,0,"aro ngo","genus"
"aro ngo.61",3150,0,"aro ngo","genus"
"aro ngo.71",4650,0,"aro ngo","genus"
"lot ngo.11",150,0,"lot ngo","genus"
"lot ngo.21",650,0.135273968305122,"lot ngo","genus"
"lot ngo.31",1150,0,"lot ngo","genus"
"lot ngo.41",1650,0.00327588476103113,"lot ngo","genus"
"lot ngo.51",2150,0.0577781648409433,"lot ngo","genus"
"lot ngo.61",2650,0.00428747829767784,"lot ngo","genus"
"lot ngo.71",3150,0.210923488224498,"lot ngo","genus"
"lot ngo.8",3650,0.00829981834867488,"lot ngo","genus"
"lot ngo.9",4150,0.0037231057893703,"lot ngo","genus"
"lot ngo.10",4650,0.118320235229803,"lot ngo","genus"
"lan ngo.11",650,0.43668885361161,"lan ngo","genus"
"lan ngo.21",1150,0.202939942543641,"lan ngo","genus"
"lan ngo.31",1650,0.18746064590056,"lan ngo","genus"
"lan ngo.41",2650,0.243624956781124,"lan ngo","genus"
"lan ngo.51",3150,0.175927542929293,"lan ngo","genus"
"lan ngo.61",3650,0.155340671539819,"lan ngo","genus"
"lan ngo.71",4150,0.168354966643817,"lan ngo","genus"
"lan ngo.81",4650,0.165340245779775,"lan ngo","genus"
"lou ngo.11",650,0.043575960257545,"lou ngo","genus"
"lou ngo.21",1150,0.033425877634064,"lou ngo","genus"
"lou ngo.31",1650,0.00535964816614232,"lou ngo","genus"
"lou ngo.41",2150,0.0246510838274595,"lou ngo","genus"
"lou ngo.51",2650,0.012466966925938,"lou ngo","genus"
"lou ngo.61",3150,0.0319644087156641,"lou ngo","genus"
"lou ngo.71",3650,0.0706029436703013,"lou ngo","genus"
"lou ngo.81",4150,0.0625053473262999,"lou ngo","genus"
"lou ngo.91",4650,0.0712692163083399,"lou ngo","genus"
"ano ngo.11",1650,0.0829577305252304,"ano ngo","genus"
"ano ngo.21",2150,0.176934792103823,"ano ngo","genus"
"ano ngo.31",2650,0.0779797335087337,"ano ngo","genus"
"ano ngo.41",3150,0.0256170940697705,"ano ngo","genus"
"ano ngo.51",3650,0.184100431688474,"ano ngo","genus"
"ano ngo.61",4150,0.282513204004804,"ano ngo","genus"
"ano ngo.71",4650,0.11226071247524,"ano ngo","genus"
"wai ava.11",150,0.00666535529329915,"wai ava","genus"
"wai ava.21",650,0.0273898324476182,"wai ava","genus"
"wai ava.31",1150,0,"wai ava","genus"
"wai ava.41",1650,0.00454850900540171,"wai ava","genus"
"wai ava.51",2150,0,"wai ava","genus"
"wai ava.61",3150,0.019277108433735,"wai ava","genus"
"wai ava.71",4150,0,"wai ava","genus"
"wai ava.81",4650,0,"wai ava","genus"
"fin ava.11",150,0.0708185610811043,"fin ava","genus"
"fin ava.21",650,0.135503076944069,"fin ava","genus"
"fin ava.31",1150,0.12062018313966,"fin ava","genus"
"fin ava.41",1650,0.10104792493715,"fin ava","genus"
"fin ava.51",2150,0.122289974444905,"fin ava","genus"
"fin ava.61",2650,0.00888893673192293,"fin ava","genus"
"fin ava.71",3150,0.0252255211407593,"fin ava","genus"
"fin ava.81",4150,0.0499889300050859,"fin ava","genus"
"fin ava.91",4650,0.105059630765215,"fin ava","genus"
"yac ava.11",150,0.00896099051715626,"yac ava","genus"
"yac ava.21",650,0.00820357014764816,"yac ava","genus"
"yac ava.31",1150,0.0127923855647847,"yac ava","genus"
"yac ava.41",1650,0.00538694922471861,"yac ava","genus"
"yac ava.51",2150,0.0129468468997894,"yac ava","genus"
"yac ava.61",2650,0,"yac ava","genus"
"yac ava.71",3150,0,"yac ava","genus"
"yac ava.81",4150,0,"yac ava","genus"
"yac ava.91",4650,0,"yac ava","genus"
"vol ava.11",150,0.365700540648231,"vol ava","genus"
"vol ava.21",650,0.322131227141672,"vol ava","genus"
"vol ava.31",1150,0.455126458375688,"vol ava","genus"
"vol ava.41",2650,0.194413176953152,"vol ava","genus"
"vol ava.51",4150,0.203576264815036,"vol ava","genus"
"vol ava.61",4650,0.0577880567910849,"vol ava","genus"
"tuk ava.11",150,0.00606785816212019,"tuk ava","genus"
"tuk ava.21",650,0.00675506809592064,"tuk ava","genus"
"tuk ava.31",1150,0,"tuk ava","genus"
"tuk ava.41",2150,0.0158270425791701,"tuk ava","genus"
"tuk ava.51",3150,0,"tuk ava","genus"
"tuk ava.61",4150,0,"tuk ava","genus"
"aro ava.11",150,0.00895460455640862,"aro ava","genus"
"aro ava.21",650,0.00980020596001419,"aro ava","genus"
"aro ava.31",1150,0.0415179484359451,"aro ava","genus"
"aro ava.41",1650,0.00237124608379025,"aro ava","genus"
"aro ava.51",2650,0.0162125760486824,"aro ava","genus"
"aro ava.61",3150,0.030979683771037,"aro ava","genus"
"aro ava.71",4650,0,"aro ava","genus"
"lot ava.11",150,0.00492156855065595,"lot ava","genus"
"lot ava.21",650,0.0808244386696044,"lot ava","genus"
"lot ava.31",1150,0.0517741629950047,"lot ava","genus"
"lot ava.41",1650,0.335550212388773,"lot ava","genus"
"lot ava.51",2150,0.253709575197919,"lot ava","genus"
"lot ava.61",2650,0.185449358059914,"lot ava","genus"
"lot ava.7",3150,0.0254183301005791,"lot ava","genus"
"lot ava.8",4150,0.190676628433127,"lot ava","genus"
"lot ava.9",4650,0.0731538099158217,"lot ava","genus"
"lan ava.11",650,0.335051109094785,"lan ava","genus"
"lan ava.21",1150,0.316605411840038,"lan ava","genus"
"lan ava.31",1650,0.325286986524388,"lan ava","genus"
"lan ava.41",2650,0.231522365916141,"lan ava","genus"
"lan ava.51",3150,0.197282549320637,"lan ava","genus"
"lan ava.61",4150,0.173724273816863,"lan ava","genus"
"lan ava.71",4650,0.323706877872473,"lan ava","genus"
"lou ava.11",650,0.0058114260873543,"lou ava","genus"
"lou ava.21",1150,0.0136284270888167,"lou ava","genus"
"lou ava.31",1650,0.00451190979445804,"lou ava","genus"
"lou ava.41",2150,0.0214976944049783,"lou ava","genus"
"lou ava.51",2650,0.00510081825340869,"lou ava","genus"
"lou ava.61",3150,0,"lou ava","genus"
"lou ava.71",4150,0.0752458359370854,"lou ava","genus"
"lou ava.81",4650,0,"lou ava","genus"
"ano ava.11",1650,0.0870800286428302,"ano ava","genus"
"ano ava.21",2150,0.135989605889995,"ano ava","genus"
"ano ava.31",2650,0.0790401803687901,"ano ava","genus"
"ano ava.41",3150,0.0160181539077621,"ano ava","genus"
"ano ava.51",4150,0.0142078782032902,"ano ava","genus"
"ano ava.61",4650,0,"ano ava","genus"
"fin wai.11",150,0.00692689646163069,"fin wai","genus"
"fin wai.21",650,0.0282135992899678,"fin wai","genus"
"fin wai.31",1150,0,"fin wai","genus"
"fin wai.41",1650,0,"fin wai","genus"
"fin wai.51",2150,0,"fin wai","genus"
"fin wai.61",3150,0,"fin wai","genus"
"fin wai.71",4150,0,"fin wai","genus"
"fin wai.81",4650,0,"fin wai","genus"
"yac wai.11",150,0,"yac wai","genus"
"yac wai.21",650,0,"yac wai","genus"
"yac wai.31",1150,0,"yac wai","genus"
"yac wai.41",1650,0,"yac wai","genus"
"yac wai.51",2150,0,"yac wai","genus"
"yac wai.61",3150,0,"yac wai","genus"
"yac wai.71",4150,0,"yac wai","genus"
"yac wai.81",4650,0,"yac wai","genus"
"vol wai.11",150,0,"vol wai","genus"
"vol wai.21",650,0.00163993995968148,"vol wai","genus"
"vol wai.31",1150,0,"vol wai","genus"
"vol wai.41",4150,0,"vol wai","genus"
"vol wai.51",4650,0.00102698649301824,"vol wai","genus"
"tuk wai.11",150,0.0531300916175373,"tuk wai","genus"
"tuk wai.21",650,0.0166941326211012,"tuk wai","genus"
"tuk wai.31",1150,0.0377462136074709,"tuk wai","genus"
"tuk wai.41",2150,0.0929589169236271,"tuk wai","genus"
"tuk wai.51",3150,0.112308564946115,"tuk wai","genus"
"tuk wai.61",4150,0.0242402477891995,"tuk wai","genus"
"aro wai.11",150,0.00806050901470756,"aro wai","genus"
"aro wai.21",650,0.0105295331542518,"aro wai","genus"
"aro wai.31",1150,0.0696132330026659,"aro wai","genus"
"aro wai.41",1650,0,"aro wai","genus"
"aro wai.51",3150,0,"aro wai","genus"
"aro wai.61",4650,0,"aro wai","genus"
"lot wai.11",150,0,"lot wai","genus"
"lot wai.21",650,0,"lot wai","genus"
"lot wai.31",1150,0,"lot wai","genus"
"lot wai.41",1650,0.0040707619337812,"lot wai","genus"
"lot wai.51",2150,0,"lot wai","genus"
"lot wai.61",3150,0,"lot wai","genus"
"lot wai.7",4150,0,"lot wai","genus"
"lot wai.8",4650,0,"lot wai","genus"
"lan wai.11",650,0,"lan wai","genus"
"lan wai.21",1150,0,"lan wai","genus"
"lan wai.31",1650,0.00531673474680683,"lan wai","genus"
"lan wai.41",3150,0.0107778270788585,"lan wai","genus"
"lan wai.51",4150,0.0133640220489831,"lan wai","genus"
"lan wai.61",4650,0,"lan wai","genus"
"lou wai.11",650,0,"lou wai","genus"
"lou wai.21",1150,0.000611345649833672,"lou wai","genus"
"lou wai.31",1650,0.0018655960129137,"lou wai","genus"
"lou wai.41",2150,0.00879788610296883,"lou wai","genus"
"lou wai.51",3150,0.0214016893216087,"lou wai","genus"
"lou wai.61",4150,0.0194532489438279,"lou wai","genus"
"lou wai.71",4650,0.0439055251158572,"lou wai","genus"
"ano wai.11",1650,0.171829796284523,"ano wai","genus"
"ano wai.21",2150,0.136405270203621,"ano wai","genus"
"ano wai.31",3150,0.137916599275024,"ano wai","genus"
"ano wai.41",4150,0.0215517241379312,"ano wai","genus"
"ano wai.51",4650,0.203081232492997,"ano wai","genus"
"yac fin.11",150,0.0135248372497584,"yac fin","genus"
"yac fin.21",650,0.0315265410614823,"yac fin","genus"
"yac fin.31",1150,0.0303588934234544,"yac fin","genus"
"yac fin.41",1650,0.0294881809365236,"yac fin","genus"
"yac fin.51",2150,0.0165701573636715,"yac fin","genus"
"yac fin.61",2650,0,"yac fin","genus"
"yac fin.71",3150,0,"yac fin","genus"
"yac fin.81",3650,0,"yac fin","genus"
"yac fin.91",4150,0.0356474065671263,"yac fin","genus"
"yac fin.101",4650,0.0161499673097653,"yac fin","genus"
"vol fin.11",150,0.0475812195628668,"vol fin","genus"
"vol fin.21",650,0.0610630856189963,"vol fin","genus"
"vol fin.31",1150,0.0456127881156195,"vol fin","genus"
"vol fin.41",2650,0,"vol fin","genus"
"vol fin.51",3650,0.0569576517614174,"vol fin","genus"
"vol fin.61",4150,0.0552805504303522,"vol fin","genus"
"vol fin.71",4650,0.0624003542205538,"vol fin","genus"
"tuk fin.11",150,0,"tuk fin","genus"
"tuk fin.21",650,0,"tuk fin","genus"
"tuk fin.31",1150,0,"tuk fin","genus"
"tuk fin.41",2150,0.00336816542841489,"tuk fin","genus"
"tuk fin.51",3150,0,"tuk fin","genus"
"tuk fin.61",3650,0,"tuk fin","genus"
"tuk fin.71",4150,0,"tuk fin","genus"
"aro fin.11",150,0.0597763286637901,"aro fin","genus"
"aro fin.21",650,0.00969731956313069,"aro fin","genus"
"aro fin.31",1150,0.0390705341197614,"aro fin","genus"
"aro fin.41",1650,0.0267532511077883,"aro fin","genus"
"aro fin.51",2650,0.0387827449700983,"aro fin","genus"
"aro fin.61",3150,0,"aro fin","genus"
"aro fin.71",4650,0,"aro fin","genus"
"lot fin.11",150,0.224863099537972,"lot fin","genus"
"lot fin.21",650,0.39197102975639,"lot fin","genus"
"lot fin.31",1150,0.264563501620404,"lot fin","genus"
"lot fin.41",1650,0.15453379409701,"lot fin","genus"
"lot fin.51",2150,0.181717102934095,"lot fin","genus"
"lot fin.61",2650,0,"lot fin","genus"
"lot fin.71",3150,0.0406365165842912,"lot fin","genus"
"lot fin.8",3650,0.173358022446702,"lot fin","genus"
"lot fin.9",4150,0.607487357192151,"lot fin","genus"
"lot fin.10",4650,0.5882452830949,"lot fin","genus"
"lan fin.11",650,0.343623110473736,"lan fin","genus"
"lan fin.21",1150,0.0434782324610092,"lan fin","genus"
"lan fin.31",1650,0.070602999721368,"lan fin","genus"
"lan fin.41",2650,0,"lan fin","genus"
"lan fin.51",3150,0.0187737079874709,"lan fin","genus"
"lan fin.61",3650,0.107728291241771,"lan fin","genus"
"lan fin.71",4150,0.0347815861015389,"lan fin","genus"
"lan fin.81",4650,0.139575679754053,"lan fin","genus"
"lou fin.11",650,0.022332637833452,"lou fin","genus"
"lou fin.21",1150,0.186904246730077,"lou fin","genus"
"lou fin.31",1650,0.0256113587836871,"lou fin","genus"
"lou fin.41",2150,0.0168101398608304,"lou fin","genus"
"lou fin.51",2650,0,"lou fin","genus"
"lou fin.61",3150,0,"lou fin","genus"
"lou fin.71",3650,0.0338211351117146,"lou fin","genus"
"lou fin.81",4150,0.0446999684283886,"lou fin","genus"
"lou fin.91",4650,0.0141905179376441,"lou fin","genus"
"ano fin.11",1650,0.0164910711805294,"ano fin","genus"
"ano fin.21",2150,0.0338037272425084,"ano fin","genus"
"ano fin.31",2650,0.00573016690867634,"ano fin","genus"
"ano fin.41",3150,0,"ano fin","genus"
"ano fin.51",3650,0.0254306512761228,"ano fin","genus"
"ano fin.61",4150,0,"ano fin","genus"
"ano fin.71",4650,0,"ano fin","genus"
"vol yac.11",150,0.016236851196215,"vol yac","genus"
"vol yac.21",650,0.0374043165747382,"vol yac","genus"
"vol yac.31",1150,0.0579712164770776,"vol yac","genus"
"vol yac.41",2650,0.0304319311117794,"vol yac","genus"
"vol yac.51",3650,0.077978246744512,"vol yac","genus"
"vol yac.61",4150,0.235528741101114,"vol yac","genus"
"vol yac.71",4650,0.255007228308629,"vol yac","genus"
"tuk yac.11",150,0,"tuk yac","genus"
"tuk yac.21",650,0,"tuk yac","genus"
"tuk yac.31",1150,0,"tuk yac","genus"
"tuk yac.41",2150,0.0184722710092983,"tuk yac","genus"
"tuk yac.51",3150,0,"tuk yac","genus"
"tuk yac.61",3650,0,"tuk yac","genus"
"tuk yac.71",4150,0,"tuk yac","genus"
"aro yac.11",150,0,"aro yac","genus"
"aro yac.21",650,0,"aro yac","genus"
"aro yac.31",1150,0,"aro yac","genus"
"aro yac.41",1650,0,"aro yac","genus"
"aro yac.51",2650,0,"aro yac","genus"
"aro yac.61",3150,0,"aro yac","genus"
"aro yac.71",4650,0,"aro yac","genus"
"lot yac.11",150,0,"lot yac","genus"
"lot yac.21",650,0.0131274242136873,"lot yac","genus"
"lot yac.31",1150,0,"lot yac","genus"
"lot yac.41",1650,0,"lot yac","genus"
"lot yac.51",2150,0,"lot yac","genus"
"lot yac.61",2650,0.0781368284898196,"lot yac","genus"
"lot yac.71",3150,0,"lot yac","genus"
"lot yac.8",3650,0,"lot yac","genus"
"lot yac.9",4150,0,"lot yac","genus"
"lot yac.10",4650,0.0873820142023402,"lot yac","genus"
"lan yac.11",650,0,"lan yac","genus"
"lan yac.21",1150,0,"lan yac","genus"
"lan yac.31",1650,0,"lan yac","genus"
"lan yac.41",2650,0,"lan yac","genus"
"lan yac.51",3150,0,"lan yac","genus"
"lan yac.61",3650,0,"lan yac","genus"
"lan yac.71",4150,0,"lan yac","genus"
"lan yac.81",4650,0,"lan yac","genus"
"lou yac.11",650,0.0553299013015154,"lou yac","genus"
"lou yac.21",1150,0.186867261489454,"lou yac","genus"
"lou yac.31",1650,0.221215212407471,"lou yac","genus"
"lou yac.41",2150,0.139849397297252,"lou yac","genus"
"lou yac.51",2650,0.510468091776212,"lou yac","genus"
"lou yac.61",3150,0.268823097542728,"lou yac","genus"
"lou yac.71",3650,0.447983186053703,"lou yac","genus"
"lou yac.81",4150,0.40809377242015,"lou yac","genus"
"lou yac.91",4650,0.287232337560382,"lou yac","genus"
"ano yac.11",1650,0,"ano yac","genus"
"ano yac.21",2150,0,"ano yac","genus"
"ano yac.31",2650,0,"ano yac","genus"
"ano yac.41",3150,0,"ano yac","genus"
"ano yac.51",3650,0.0260311818001988,"ano yac","genus"
"ano yac.61",4150,0,"ano yac","genus"
"ano yac.71",4650,0,"ano yac","genus"
"tuk vol.11",150,0.131657842645607,"tuk vol","genus"
"tuk vol.21",650,0.0185826883032291,"tuk vol","genus"
"tuk vol.31",1150,0,"tuk vol","genus"
"tuk vol.41",3650,0.0258867449269455,"tuk vol","genus"
"tuk vol.51",4150,0,"tuk vol","genus"
"aro vol.11",150,0,"aro vol","genus"
"aro vol.21",650,0,"aro vol","genus"
"aro vol.31",1150,0,"aro vol","genus"
"aro vol.41",2650,0,"aro vol","genus"
"aro vol.51",4650,0,"aro vol","genus"
"lot vol.11",150,0,"lot vol","genus"
"lot vol.21",650,0.0440787475184151,"lot vol","genus"
"lot vol.31",1150,0,"lot vol","genus"
"lot vol.41",2650,0.0141166319808606,"lot vol","genus"
"lot vol.5",3650,0.0462376661371268,"lot vol","genus"
"lot vol.6",4150,0.173315925735268,"lot vol","genus"
"lot vol.7",4650,0.142389207119003,"lot vol","genus"
"lan vol.11",650,0.373050177779008,"lan vol","genus"
"lan vol.21",1150,0.438099891073299,"lan vol","genus"
"lan vol.31",2650,0.488404492826804,"lan vol","genus"
"lan vol.41",3650,0.252723890850334,"lan vol","genus"
"lan vol.51",4150,0.469477304708082,"lan vol","genus"
"lan vol.61",4650,0.0943782121863644,"lan vol","genus"
"lou vol.11",650,0.0157660053166614,"lou vol","genus"
"lou vol.21",1150,0.0726472107626861,"lou vol","genus"
"lou vol.31",2650,0.0299633971727962,"lou vol","genus"
"lou vol.41",3650,0.0750006877433375,"lou vol","genus"
"lou vol.51",4150,0.238348770942091,"lou vol","genus"
"lou vol.61",4650,0.292810317279558,"lou vol","genus"
"ano vol.11",2650,0,"ano vol","genus"
"ano vol.21",3650,0,"ano vol","genus"
"ano vol.31",4150,0,"ano vol","genus"
"ano vol.41",4650,0,"ano vol","genus"
"aro tuk.11",150,0.00369710386223066,"aro tuk","genus"
"aro tuk.21",650,0,"aro tuk","genus"
"aro tuk.31",1150,0,"aro tuk","genus"
"aro tuk.41",3150,0,"aro tuk","genus"
"lot tuk.11",150,0,"lot tuk","genus"
"lot tuk.21",650,0,"lot tuk","genus"
"lot tuk.31",1150,0,"lot tuk","genus"
"lot tuk.41",2150,0,"lot tuk","genus"
"lot tuk.51",3150,0,"lot tuk","genus"
"lot tuk.61",3650,0,"lot tuk","genus"
"lot tuk.7",4150,0,"lot tuk","genus"
"lan tuk.11",650,0.00350080598747127,"lan tuk","genus"
"lan tuk.21",1150,0.0166252330306786,"lan tuk","genus"
"lan tuk.31",3150,0,"lan tuk","genus"
"lan tuk.41",3650,0,"lan tuk","genus"
"lan tuk.51",4150,0.0144858029570191,"lan tuk","genus"
"lou tuk.11",650,0,"lou tuk","genus"
"lou tuk.21",1150,0,"lou tuk","genus"
"lou tuk.31",2150,0.00671808142997798,"lou tuk","genus"
"lou tuk.41",3150,0,"lou tuk","genus"
"lou tuk.51",3650,0,"lou tuk","genus"
"lou tuk.61",4150,0,"lou tuk","genus"
"ano tuk.11",2150,0.11593580592754,"ano tuk","genus"
"ano tuk.21",3150,0.1757379854542,"ano tuk","genus"
"ano tuk.31",3650,0.227427913290281,"ano tuk","genus"
"ano tuk.41",4150,0.192513368983957,"ano tuk","genus"
"lot aro.11",150,0.0132374216703737,"lot aro","genus"
"lot aro.21",650,0,"lot aro","genus"
"lot aro.31",1150,0.0386129395132755,"lot aro","genus"
"lot aro.41",1650,0,"lot aro","genus"
"lot aro.51",2650,0,"lot aro","genus"
"lot aro.6",3150,0,"lot aro","genus"
"lot aro.7",4650,0,"lot aro","genus"
"lan aro.11",650,0,"lan aro","genus"
"lan aro.21",1150,0,"lan aro","genus"
"lan aro.31",1650,0,"lan aro","genus"
"lan aro.41",2650,0,"lan aro","genus"
"lan aro.51",3150,0,"lan aro","genus"
"lan aro.61",4650,0,"lan aro","genus"
"lou aro.11",650,0,"lou aro","genus"
"lou aro.21",1150,0,"lou aro","genus"
"lou aro.31",1650,0,"lou aro","genus"
"lou aro.41",2650,0,"lou aro","genus"
"lou aro.51",3150,0,"lou aro","genus"
"lou aro.61",4650,0,"lou aro","genus"
"ano aro.11",1650,0,"ano aro","genus"
"ano aro.21",2650,0,"ano aro","genus"
"ano aro.31",3150,0,"ano aro","genus"
"ano aro.41",4650,0,"ano aro","genus"
"lan lot.11",650,0.106707806656922,"lan lot","genus"
"lan lot.21",1150,0,"lan lot","genus"
"lan lot.31",1650,0.0242747005301505,"lan lot","genus"
"lan lot.41",2650,0,"lan lot","genus"
"lan lot.51",3150,0.166989508328709,"lan lot","genus"
"lan lot.6",3650,0.0436789774537804,"lan lot","genus"
"lan lot.7",4150,0.155787393721544,"lan lot","genus"
"lan lot.8",4650,0.054694549505122,"lan lot","genus"
"lou lot.11",650,0,"lou lot","genus"
"lou lot.21",1150,0,"lou lot","genus"
"lou lot.31",1650,0,"lou lot","genus"
"lou lot.41",2150,0.00658377387182985,"lou lot","genus"
"lou lot.51",2650,0.0720309876629378,"lou lot","genus"
"lou lot.61",3150,0.0292799301272397,"lou lot","genus"
"lou lot.7",3650,0.00295664931459694,"lou lot","genus"
"lou lot.8",4150,0.0236269233210473,"lou lot","genus"
"lou lot.9",4650,0.0987226534451885,"lou lot","genus"
"ano lot.11",1650,0.0173765972086198,"ano lot","genus"
"ano lot.21",2150,0,"ano lot","genus"
"ano lot.31",2650,0,"ano lot","genus"
"ano lot.41",3150,0.0121962832429214,"ano lot","genus"
"ano lot.5",3650,0.0339879768338375,"ano lot","genus"
"ano lot.6",4150,0,"ano lot","genus"
"ano lot.7",4650,0,"ano lot","genus"
"lou lan.11",650,0,"lou lan","genus"
"lou lan.21",1150,0.00294045171048374,"lou lan","genus"
"lou lan.31",1650,0,"lou lan","genus"
"lou lan.41",2650,0.00360041429773927,"lou lan","genus"
"lou lan.51",3150,0.0126816830329072,"lou lan","genus"
"lou lan.61",3650,0.00387731902432231,"lou lan","genus"
"lou lan.71",4150,0.0651739155141637,"lou lan","genus"
"lou lan.81",4650,0,"lou lan","genus"
"ano lan.11",1650,0.0334066564774399,"ano lan","genus"
"ano lan.21",2650,0.0105466069160115,"ano lan","genus"
"ano lan.31",3150,0.0180135017259437,"ano lan","genus"
"ano lan.41",3650,0,"ano lan","genus"
"ano lan.51",4150,0.00233265887283729,"ano lan","genus"
"ano lan.61",4650,0,"ano lan","genus"
"ano lou.11",1650,0,"ano lou","genus"
"ano lou.21",2150,0.00904940970183099,"ano lou","genus"
"ano lou.31",2650,0.0205111493341806,"ano lou","genus"
"ano lou.41",3150,0.0226749978473024,"ano lou","genus"
"ano lou.51",3650,0.109379410316547,"ano lou","genus"
"ano lou.61",4150,0.0414568044406718,"ano lou","genus"
"ano lou.71",4650,0.0548194750927274,"ano lou","genus"
"wai plu.12",150,0.440400351696452,"wai plu","species"
"wai plu.22",650,0.198881373725955,"wai plu","species"
"wai plu.32",1150,0.333338854642836,"wai plu","species"
"wai plu.42",1650,0.0441874345022387,"wai plu","species"
"wai plu.52",2150,0.170742477066564,"wai plu","species"
"wai plu.62",3150,0.102689486552567,"wai plu","species"
"wai plu.72",4650,0.0252167060677698,"wai plu","species"
"fin plu.12",150,0,"fin plu","species"
"fin plu.22",650,0,"fin plu","species"
"fin plu.32",1150,0,"fin plu","species"
"fin plu.42",1650,0,"fin plu","species"
"fin plu.52",2150,0,"fin plu","species"
"fin plu.62",3150,0,"fin plu","species"
"fin plu.72",4650,0,"fin plu","species"
"yac plu.12",150,0,"yac plu","species"
"yac plu.22",650,0,"yac plu","species"
"yac plu.32",1150,0,"yac plu","species"
"yac plu.42",2150,0,"yac plu","species"
"yac plu.52",4650,0,"yac plu","species"
"vol plu.12",150,0,"vol plu","species"
"vol plu.22",650,0,"vol plu","species"
"vol plu.32",1150,0,"vol plu","species"
"vol plu.42",2650,0,"vol plu","species"
"vol plu.52",3650,0,"vol plu","species"
"vol plu.62",4650,0,"vol plu","species"
"tuk plu.12",150,0,"tuk plu","species"
"tuk plu.22",650,0,"tuk plu","species"
"tuk plu.32",1150,0,"tuk plu","species"
"tuk plu.42",2150,0,"tuk plu","species"
"tuk plu.52",3150,0,"tuk plu","species"
"tuk plu.62",3650,0,"tuk plu","species"
"lot plu.12",150,0,"lot plu","species"
"lot plu.22",650,0,"lot plu","species"
"lot plu.32",1150,0,"lot plu","species"
"lot plu.42",1650,0,"lot plu","species"
"lot plu.52",2150,0,"lot plu","species"
"lot plu.62",3150,0,"lot plu","species"
"lot plu.72",3650,0,"lot plu","species"
"lan plu.12",650,0,"lan plu","species"
"lan plu.22",1150,0,"lan plu","species"
"lan plu.32",1650,0,"lan plu","species"
"lan plu.42",2650,0,"lan plu","species"
"lan plu.52",3650,0,"lan plu","species"
"lan plu.62",4650,0,"lan plu","species"
"aro plu",650,0,"aro plu","species"
"bon plu.12",2150,0,"bon plu","species"
"bon plu.22",2650,0,"bon plu","species"
"bon plu.32",3150,0,"bon plu","species"
"bon plu.42",3650,0,"bon plu","species"
"fin wai.12",150,0,"fin wai","species"
"fin wai.22",650,0,"fin wai","species"
"fin wai.32",1150,0,"fin wai","species"
"fin wai.42",1650,0,"fin wai","species"
"fin wai.52",2150,0,"fin wai","species"
"fin wai.62",3150,0,"fin wai","species"
"fin wai.72",4150,0,"fin wai","species"
"fin wai.82",4650,0,"fin wai","species"
"yac wai.12",150,0,"yac wai","species"
"yac wai.22",650,0,"yac wai","species"
"yac wai.32",1150,0,"yac wai","species"
"yac wai.42",2150,0,"yac wai","species"
"yac wai.52",4650,0,"yac wai","species"
"vol wai.12",150,0,"vol wai","species"
"vol wai.22",650,0,"vol wai","species"
"vol wai.32",1150,0,"vol wai","species"
"vol wai.42",4150,0,"vol wai","species"
"vol wai.52",4650,0,"vol wai","species"
"tuk wai.12",150,0.00259556818965112,"tuk wai","species"
"tuk wai.22",650,0.00377308617554595,"tuk wai","species"
"tuk wai.32",1150,0,"tuk wai","species"
"tuk wai.42",2150,0,"tuk wai","species"
"tuk wai.52",3150,0,"tuk wai","species"
"tuk wai.62",4150,0,"tuk wai","species"
"lot wai.12",150,0,"lot wai","species"
"lot wai.22",650,0,"lot wai","species"
"lot wai.32",1150,0,"lot wai","species"
"lot wai.42",1650,0,"lot wai","species"
"lot wai.52",2150,0,"lot wai","species"
"lot wai.62",3150,0,"lot wai","species"
"lan wai.12",650,0.00851509869281875,"lan wai","species"
"lan wai.22",1150,0.0138818249813015,"lan wai","species"
"lan wai.32",1650,0.0377163226585409,"lan wai","species"
"lan wai.42",4150,0,"lan wai","species"
"lan wai.52",4650,0.00746671247252317,"lan wai","species"
"aro wai",650,0,"aro wai","species"
"bon wai.1",2150,0,"bon wai","species"
"bon wai.2",3150,0,"bon wai","species"
"bon wai.3",4150,0,"bon wai","species"
"yac fin.12",150,0,"yac fin","species"
"yac fin.22",650,0,"yac fin","species"
"yac fin.32",1150,0,"yac fin","species"
"yac fin.42",2150,0,"yac fin","species"
"yac fin.52",4650,0,"yac fin","species"
"vol fin.12",150,0,"vol fin","species"
"vol fin.22",650,0,"vol fin","species"
"vol fin.32",1150,0,"vol fin","species"
"vol fin.42",4150,0,"vol fin","species"
"vol fin.52",4650,0,"vol fin","species"
"tuk fin.12",150,0,"tuk fin","species"
"tuk fin.22",650,0,"tuk fin","species"
"tuk fin.32",1150,0,"tuk fin","species"
"tuk fin.42",2150,0,"tuk fin","species"
"tuk fin.52",3150,0,"tuk fin","species"
"tuk fin.62",4150,0,"tuk fin","species"
"lot fin.12",150,0.270192926771692,"lot fin","species"
"lot fin.22",650,0.194488173125261,"lot fin","species"
"lot fin.32",1150,0.220826484738003,"lot fin","species"
"lot fin.42",1650,0.31478786296599,"lot fin","species"
"lot fin.52",2150,0.337702170131864,"lot fin","species"
"lot fin.62",3150,0.691083667040863,"lot fin","species"
"lan fin.12",650,0,"lan fin","species"
"lan fin.22",1150,0,"lan fin","species"
"lan fin.32",1650,0,"lan fin","species"
"lan fin.42",4150,0,"lan fin","species"
"lan fin.52",4650,0,"lan fin","species"
"aro fin",650,0,"aro fin","species"
"bon fin.1",2150,0,"bon fin","species"
"bon fin.2",3150,0,"bon fin","species"
"bon fin.3",4150,0,"bon fin","species"
"vol yac.12",150,0.253245909724348,"vol yac","species"
"vol yac.22",650,0.367245684332868,"vol yac","species"
"vol yac.32",1150,0.239310397796276,"vol yac","species"
"vol yac.42",4650,0,"vol yac","species"
"tuk yac.12",150,0.338071965172516,"tuk yac","species"
"tuk yac.22",650,0.186555735678524,"tuk yac","species"
"tuk yac.32",1150,0.0358631480625478,"tuk yac","species"
"tuk yac.42",2150,0,"tuk yac","species"
"lot yac.12",150,0,"lot yac","species"
"lot yac.22",650,0,"lot yac","species"
"lot yac.32",1150,0,"lot yac","species"
"lot yac.42",2150,0,"lot yac","species"
"lan yac.12",650,0,"lan yac","species"
"lan yac.22",1150,0,"lan yac","species"
"lan yac.32",4650,0,"lan yac","species"
"aro yac",650,0,"aro yac","species"
"bon yac",2150,0,"bon yac","species"
"tuk vol.12",150,0,"tuk vol","species"
"tuk vol.22",650,0,"tuk vol","species"
"tuk vol.32",1150,0,"tuk vol","species"
"tuk vol.42",3650,0,"tuk vol","species"
"tuk vol.52",4150,0,"tuk vol","species"
"lot vol.12",150,0,"lot vol","species"
"lot vol.22",650,0,"lot vol","species"
"lot vol.32",1150,0,"lot vol","species"
"lot vol.42",3650,0,"lot vol","species"
"lan vol.12",650,0,"lan vol","species"
"lan vol.22",1150,0,"lan vol","species"
"lan vol.32",2650,0,"lan vol","species"
"lan vol.42",3650,0,"lan vol","species"
"lan vol.52",4150,0,"lan vol","species"
"lan vol.62",4650,0,"lan vol","species"
"aro vol",650,0,"aro vol","species"
"bon vol.1",2650,0,"bon vol","species"
"bon vol.2",3650,0,"bon vol","species"
"bon vol.3",4150,0,"bon vol","species"
"lot tuk.12",150,0,"lot tuk","species"
"lot tuk.22",650,0,"lot tuk","species"
"lot tuk.32",1150,0,"lot tuk","species"
"lot tuk.42",2150,0,"lot tuk","species"
"lot tuk.52",3150,0,"lot tuk","species"
"lot tuk.62",3650,0,"lot tuk","species"
"lan tuk.12",650,0,"lan tuk","species"
"lan tuk.22",1150,0,"lan tuk","species"
"lan tuk.32",3650,0,"lan tuk","species"
"lan tuk.42",4150,0,"lan tuk","species"
"aro tuk",650,0,"aro tuk","species"
"bon tuk.1",2150,0,"bon tuk","species"
"bon tuk.2",3150,0,"bon tuk","species"
"bon tuk.3",3650,0,"bon tuk","species"
"bon tuk.4",4150,0,"bon tuk","species"
"lan lot.12",650,0,"lan lot","species"
"lan lot.22",1150,0,"lan lot","species"
"lan lot.32",1650,0,"lan lot","species"
"lan lot.42",3650,0,"lan lot","species"
"aro lot",650,0,"aro lot","species"
"bon lot.1",2150,0,"bon lot","species"
"bon lot.2",3150,0,"bon lot","species"
"bon lot.3",3650,0,"bon lot","species"
"aro lan",650,0,"aro lan","species"
"bon lan.1",2650,0,"bon lan","species"
"bon lan.2",3650,0,"bon lan","species"
"bon lan.3",4150,0,"bon lan","species"
